0 ; 226263000 ; 1 ; 0 ; 4 ; 0.0 ; 19.399999618530273 ; -4.55755 ; 48.341483333333336 ; 238.0 ; 236 ; 37 ; 1527 ; -1 ; -1 ; -1 ; 0;1
5.866000000001804 ; 226263000 ; 1 ; 0 ; 3 ; 0.0 ; 19.399999618530273 ; -4.558233333333333 ; 48.34118333333333 ; 238.0 ; 236 ; 43 ; -1 ; -1 ; -1 ; -1 ; 0;2
11.759000000005472 ; 226263000 ; 1 ; 0 ; 1 ; 0.0 ; 19.399999618530273 ; -4.558916666666667 ; 48.3409 ; 237.0 ; 235 ; 49 ; -1 ; -1 ; -1 ; -1 ; 0;1
24.0 ; 226263000 ; 1 ; 0 ; 4 ; 0.0 ; 19.399999618530273 ; -4.5602833333333335 ; 48.340316666666666 ; 237.0 ; 235 ; 1 ; 177 ; -1 ; -1 ; -1 ; 0;1
29.706000000005588 ; 226263000 ; 1 ; 0 ; 3 ; 0.0 ; 19.399999618530273 ; -4.56095 ; 48.34001666666666 ; 236.0 ; 235 ; 7 ; -1 ; -1 ; -1 ; -1 ; 0;2
35.57300000000396 ; 226263000 ; 1 ; 0 ; 2 ; 0.0 ; 19.5 ; -4.561633333333333 ; 48.33971666666667 ; 236.0 ; 234 ; 13 ; 611 ; -1 ; -1 ; -1 ; 0;1
41.361000000004424 ; 226263000 ; 1 ; 0 ; 2 ; 0.0 ; 19.5 ; -4.562316666666667 ; 48.339416666666665 ; 236.0 ; 234 ; 19 ; 828 ; -1 ; -1 ; -1 ; 0;2
47.14700000000448 ; 226263000 ; 1 ; 0 ; 0 ; 0.0 ; 19.600000381469727 ; -4.562983333333333 ; 48.3391 ; 236.0 ; 234 ; 25 ; -1 ; 2258 ; -1 ; -1 ; 0;1
53.62700000000041 ; 226263000 ; 1 ; 0 ; 2 ; 0.0 ; 19.600000381469727 ; -4.563666666666666 ; 48.3388 ; 235.0 ; 234 ; 31 ; 1288 ; -1 ; -1 ; -1 ; 0;2
60.00100000000384 ; 226263000 ; 3 ; 0 ; -1 ; 0.0 ; 19.600000381469727 ; -4.564333333333333 ; 48.3385 ; 235.0 ; 234 ; 37 ; -1 ; -1 ; 961 ; 1 ; 0;1
65.86700000000565 ; 226263000 ; 1 ; 0 ; 2 ; 0.0 ; 19.5 ; -4.565016666666667 ; 48.33818333333333 ; 235.0 ; 234 ; 43 ; 1747 ; -1 ; -1 ; -1 ; 0;2
71.76000000000204 ; 226263000 ; 1 ; 0 ; 0 ; 0.0 ; 19.600000381469727 ; -4.5657 ; 48.33788333333333 ; 236.0 ; 234 ; 49 ; -1 ; 2226 ; -1 ; -1 ; 0;1
77.94700000000012 ; 226263000 ; 1 ; 0 ; 0 ; 0.0 ; 19.600000381469727 ; -4.5663833333333335 ; 48.337583333333335 ; 236.0 ; 234 ; 55 ; -1 ; 2223 ; -1 ; -1 ; 0;2
84.0 ; 226263000 ; 1 ; 0 ; 3 ; 0.0 ; 19.600000381469727 ; -4.56695 ; 48.33733333333333 ; 236.0 ; 234 ; 1 ; -1 ; -1 ; -1 ; -1 ; 0;1
89.708000000006 ; 226263000 ; 1 ; 0 ; 2 ; 0.0 ; 19.600000381469727 ; -4.567733333333333 ; 48.336983333333336 ; 236.0 ; 234 ; 7 ; 391 ; -1 ; -1 ; -1 ; 0;2
95.57400000000052 ; 226263000 ; 1 ; 0 ; 1 ; 0.0 ; 19.600000381469727 ; -4.568416666666667 ; 48.336666666666666 ; 236.0 ; 234 ; 13 ; -1 ; -1 ; -1 ; -1 ; 0;1
101.36200000000099 ; 226263000 ; 1 ; 0 ; 1 ; 0.0 ; 19.600000381469727 ; -4.568983333333334 ; 48.336416666666665 ; 236.0 ; 234 ; 19 ; -1 ; -1 ; -1 ; -1 ; 0;2
107.36200000000099 ; 226263000 ; 1 ; 0 ; 7 ; 0.0 ; 19.700000762939453 ; -4.5696666666666665 ; 48.33611666666667 ; 236.0 ; 234 ; 24 ; -1 ; -1 ; -1 ; -1 ; 0;1
113.62600000000384 ; 226263000 ; 1 ; 0 ; 1 ; 0.0 ; 19.600000381469727 ; -4.57035 ; 48.335816666666666 ; 236.0 ; 234 ; 30 ; -1 ; -1 ; -1 ; -1 ; 0;2
119.99900000000343 ; 226263000 ; 1 ; 0 ; 2 ; 0.0 ; 19.600000381469727 ; -4.57125 ; 48.3354 ; 236.0 ; 234 ; 38 ; 1527 ; -1 ; -1 ; -1 ; 0;1
125.8660000000018 ; 226263000 ; 1 ; 0 ; 1 ; 0.0 ; 19.700000762939453 ; -4.571933333333333 ; 48.3351 ; 235.0 ; 234 ; 44 ; -1 ; -1 ; -1 ; -1 ; 0;2
131.11900000000605 ; 226263000 ; 1 ; 0 ; 4 ; 0.0 ; 19.600000381469727 ; -4.572383333333334 ; 48.3349 ; 236.0 ; 234 ; 48 ; 1944 ; -1 ; -1 ; -1 ; 0;1
137.2260000000024 ; 226263000 ; 1 ; 0 ; 7 ; 0.0 ; 19.700000762939453 ; -4.573083333333333 ; 48.3346 ; 236.0 ; 234 ; 54 ; -1 ; -1 ; -1 ; -1 ; 0;2
143.99900000000343 ; 226263000 ; 1 ; 0 ; 2 ; 0.0 ; 19.700000762939453 ; -4.5739833333333335 ; 48.334183333333335 ; 236.0 ; 234 ; 2 ; 177 ; -1 ; -1 ; -1 ; 0;1
155.57200000000012 ; 226263000 ; 1 ; 0 ; 0 ; 0.0 ; 19.799999237060547 ; -4.575366666666667 ; 48.33358333333333 ; 236.0 ; 234 ; 14 ; -1 ; 2253 ; -1 ; -1 ; 0;1
161.35900000000402 ; 226263000 ; 1 ; 0 ; 0 ; 0.0 ; 19.799999237060547 ; -4.575816666666666 ; 48.33336666666667 ; 236.0 ; 234 ; 18 ; -1 ; 2241 ; -1 ; -1 ; 0;2
167.35900000000402 ; 226263000 ; 1 ; 0 ; 6 ; 0.0 ; 19.700000762939453 ; -4.576516666666667 ; 48.33306666666667 ; 236.0 ; 234 ; 24 ; 1053 ; -1 ; -1 ; -1 ; 0;1
173.6270000000004 ; 226263000 ; 1 ; 0 ; 0 ; 0.0 ; 19.799999237060547 ; -4.577416666666666 ; 48.33266666666667 ; 236.0 ; 232 ; 32 ; -1 ; 2222 ; -1 ; -1 ; 0;2
179.99900000000343 ; 226263000 ; 1 ; 0 ; 1 ; 0.0 ; 19.700000762939453 ; -4.5781 ; 48.33235 ; 235.0 ; 232 ; 38 ; -1 ; -1 ; -1 ; -1 ; 0;1
185.8660000000018 ; 226263000 ; 1 ; 0 ; 0 ; 0.0 ; 19.700000762939453 ; -4.578766666666667 ; 48.332033333333335 ; 234.0 ; 231 ; 44 ; -1 ; 2234 ; -1 ; -1 ; 0;2
191.12000000000262 ; 226263000 ; 1 ; 0 ; 3 ; 0.0 ; 19.799999237060547 ; -4.5792166666666665 ; 48.33181666666667 ; 234.0 ; 230 ; 48 ; -1 ; -1 ; -1 ; -1 ; 0;1
197.22700000000623 ; 226263000 ; 1 ; 0 ; 6 ; 0.0 ; 19.799999237060547 ; -4.579866666666667 ; 48.33148333333333 ; 234.0 ; 230 ; 54 ; 2173 ; -1 ; -1 ; -1 ; 0;2
204.0 ; 226263000 ; 1 ; 0 ; 1 ; 0.0 ; 19.700000762939453 ; -4.580733333333334 ; 48.33103333333333 ; 233.0 ; 229 ; 2 ; -1 ; -1 ; -1 ; -1 ; 0;1
209.70700000000215 ; 226263000 ; 1 ; 0 ; 0 ; 0.0 ; 19.700000762939453 ; -4.581383333333333 ; 48.3307 ; 232.0 ; 229 ; 8 ; -1 ; 2246 ; -1 ; -1 ; 0;2
215.6530000000057 ; 226263000 ; 1 ; 0 ; 6 ; 0.0 ; 19.799999237060547 ; -4.582033333333333 ; 48.33035 ; 231.0 ; 230 ; 14 ; 614 ; -1 ; -1 ; -1 ; 0;1
221.12000000000262 ; 226263000 ; 1 ; 0 ; 5 ; 0.0 ; 19.700000762939453 ; -4.582683333333334 ; 48.330016666666666 ; 232.0 ; 230 ; 20 ; -1 ; -1 ; -1 ; -1 ; 0;2
227.35900000000402 ; 226263000 ; 1 ; 0 ; 5 ; 0.0 ; 19.700000762939453 ; -4.583316666666667 ; 48.329683333333335 ; 232.0 ; 230 ; 26 ; -1 ; -1 ; -1 ; -1 ; 0;1
240.0 ; 226263000 ; 1 ; 0 ; 0 ; 0.0 ; 19.600000381469727 ; -4.5845 ; 48.32906666666667 ; 231.0 ; 230 ; 37 ; -1 ; 2249 ; -1 ; -1 ; 0;1
245.44000000000233 ; 226263000 ; 1 ; 0 ; 3 ; 0.0 ; 19.600000381469727 ; -4.58515 ; 48.32873333333333 ; 232.0 ; 230 ; 43 ; -1 ; -1 ; -1 ; -1 ; 0;2
251.12000000000262 ; 226263000 ; 1 ; 0 ; 2 ; 0.0 ; 19.600000381469727 ; -4.5858 ; 48.3284 ; 232.0 ; 230 ; 49 ; 1944 ; -1 ; -1 ; -1 ; 0;1
257.2270000000062 ; 226263000 ; 1 ; 0 ; 5 ; 0.0 ; 19.600000381469727 ; -4.58645 ; 48.32808333333333 ; 232.0 ; 230 ; 55 ; -1 ; -1 ; -1 ; -1 ; 0;2
264.0 ; 226263000 ; 1 ; 0 ; 0 ; 0.0 ; 19.600000381469727 ; -4.5871 ; 48.32775 ; 232.0 ; 230 ; 2 ; -1 ; 2242 ; -1 ; -1 ; 0;1
275.6530000000057 ; 226263000 ; 1 ; 0 ; 5 ; 0.0 ; 19.700000762939453 ; -4.588383333333334 ; 48.32706666666667 ; 232.0 ; 231 ; 13 ; -1 ; -1 ; -1 ; -1 ; 0;1
281.12100000000646 ; 226263000 ; 1 ; 0 ; 4 ; 720.0032348632812 ; 19.5 ; -4.589033333333333 ; 48.32675 ; 232.0 ; 236 ; 19 ; 819 ; -1 ; -1 ; -1 ; 0;2
283.4140000000043 ; 226263000 ; 3 ; 0 ; -1 ; 720.0032348632812 ; 19.600000381469727 ; -4.58925 ; 48.326633333333334 ; 232.0 ; 237 ; 21 ; -1 ; -1 ; 307 ; 0 ; 0;1
285.5200000000041 ; 226263000 ; 3 ; 0 ; -1 ; 720.0032348632812 ; 19.399999618530273 ; -4.589466666666667 ; 48.32653333333333 ; 232.0 ; 239 ; 23 ; -1 ; -1 ; 147 ; 0 ; 0;2
287.3610000000044 ; 226263000 ; 1 ; 0 ; 4 ; 720.0032348632812 ; 19.5 ; -4.589683333333333 ; 48.32641666666667 ; 233.0 ; 240 ; 25 ; 1053 ; -1 ; -1 ; -1 ; 0;1
289.44100000000617 ; 226263000 ; 3 ; 0 ; -1 ; 720.0032348632812 ; 19.299999237060547 ; -4.5899 ; 48.32633333333333 ; 233.0 ; 240 ; 27 ; -1 ; -1 ; 306 ; 0 ; 0;2
291.6000000000058 ; 226263000 ; 3 ; 0 ; -1 ; 720.0032348632812 ; 19.399999618530273 ; -4.590133333333333 ; 48.326233333333334 ; 235.0 ; 240 ; 29 ; -1 ; -1 ; 142 ; 0 ; 0;1
295.3880000000063 ; 226263000 ; 3 ; 0 ; -1 ; 720.0032348632812 ; 19.299999237060547 ; -4.590616666666667 ; 48.32606666666667 ; 237.0 ; 240 ; 33 ; -1 ; -1 ; 300 ; 0 ; 0;1
297.6000000000058 ; 226263000 ; 3 ; 0 ; -1 ; 720.0032348632812 ; 19.299999237060547 ; -4.59085 ; 48.32598333333333 ; 238.0 ; 240 ; 35 ; -1 ; -1 ; 149 ; 0 ; 0;2
299.9750000000058 ; 226263000 ; 1 ; 0 ; 5 ; 720.0032348632812 ; 19.299999237060547 ; -4.591083333333334 ; 48.3259 ; 238.0 ; 239 ; 37 ; -1 ; -1 ; -1 ; -1 ; 0;1
303.3880000000063 ; 226263000 ; 3 ; 0 ; -1 ; 720.0032348632812 ; 19.299999237060547 ; -4.591566666666667 ; 48.32573333333333 ; 239.0 ; 239 ; 41 ; -1 ; -1 ; 155 ; 0 ; 0;1
305.44200000000274 ; 226263000 ; 1 ; 0 ; 2 ; 720.0032348632812 ; 19.299999237060547 ; -4.5918 ; 48.32565 ; 240.0 ; 239 ; 43 ; 1731 ; -1 ; -1 ; -1 ; 0;2
307.52100000000064 ; 226263000 ; 3 ; 0 ; -1 ; 720.0032348632812 ; 19.299999237060547 ; -4.592033333333333 ; 48.32556666666667 ; 240.0 ; 238 ; 45 ; -1 ; -1 ; 290 ; 0 ; 0;1
309.3070000000007 ; 226263000 ; 3 ; 0 ; -1 ; 0.0 ; 19.299999237060547 ; -4.592266666666666 ; 48.325466666666664 ; 240.0 ; 238 ; 47 ; -1 ; -1 ; 154 ; 0 ; 0;2
311.12100000000646 ; 226263000 ; 1 ; 0 ; 1 ; 0.0 ; 19.399999618530273 ; -4.5925 ; 48.325383333333335 ; 240.0 ; 238 ; 49 ; -1 ; -1 ; -1 ; -1 ; 0;1
313.4140000000043 ; 226263000 ; 3 ; 0 ; -1 ; 0.0 ; 19.299999237060547 ; -4.592733333333333 ; 48.3253 ; 240.0 ; 238 ; 51 ; -1 ; -1 ; 294 ; 0 ; 0;2
315.2540000000008 ; 226263000 ; 3 ; 0 ; -1 ; 0.0 ; 19.399999618530273 ; -4.592966666666666 ; 48.3252 ; 240.0 ; 238 ; 53 ; -1 ; -1 ; 0 ; 0 ; 0;1
317.2280000000028 ; 226263000 ; 1 ; 0 ; 4 ; 0.0 ; 19.299999237060547 ; -4.5932 ; 48.325116666666666 ; 240.0 ; 239 ; 55 ; 2173 ; -1 ; -1 ; -1 ; 0;2
321.2540000000008 ; 226263000 ; 3 ; 0 ; -1 ; 0.0 ; 19.299999237060547 ; -4.593666666666667 ; 48.324933333333334 ; 240.0 ; 239 ; 59 ; -1 ; -1 ; 0 ; 0 ; 0;2
323.7870000000039 ; 226263000 ; 1 ; 0 ; 4 ; 0.0 ; 19.399999618530273 ; -4.5937833333333336 ; 48.32488333333333 ; 240.0 ; 239 ; 1 ; 169 ; -1 ; -1 ; -1 ; 0;1
329.599000000002 ; 226263000 ; 1 ; 0 ; 6 ; 0.0 ; 19.399999618530273 ; -4.5946 ; 48.32458333333334 ; 240.0 ; 239 ; 7 ; 387 ; -1 ; -1 ; -1 ; 0;2
335.6550000000061 ; 226263000 ; 1 ; 0 ; 4 ; 0.0 ; 19.399999618530273 ; -4.595316666666666 ; 48.32431666666667 ; 240.0 ; 242 ; 13 ; 614 ; -1 ; -1 ; -1 ; 0;1
341.12100000000646 ; 226263000 ; 1 ; 0 ; 3 ; 720.0032348632812 ; 19.200000762939453 ; -4.596 ; 48.32406666666667 ; 240.0 ; 244 ; 19 ; -1 ; -1 ; -1 ; -1 ; 0;2
347.3600000000006 ; 226263000 ; 1 ; 0 ; 3 ; 0.0 ; 19.200000762939453 ; -4.596733333333333 ; 48.32383333333333 ; 242.0 ; 244 ; 25 ; -1 ; -1 ; -1 ; -1 ; 0;1
352.8810000000012 ; 226263000 ; 1 ; 0 ; 4 ; 0.0 ; 19.200000762939453 ; -4.59745 ; 48.323616666666666 ; 243.0 ; 244 ; 31 ; 1260 ; -1 ; -1 ; -1 ; 0;2
359.9750000000058 ; 226263000 ; 1 ; 0 ; 4 ; 0.0 ; 19.100000381469727 ; -4.598166666666667 ; 48.32338333333333 ; 244.0 ; 243 ; 37 ; 1526 ; -1 ; -1 ; -1 ; 0;1
371.12100000000646 ; 226263000 ; 1 ; 0 ; 0 ; 0.0 ; 19.0 ; -4.599616666666667 ; 48.32295 ; 244.0 ; 243 ; 49 ; -1 ; 2283 ; -1 ; -1 ; 0;1
377.2280000000028 ; 226263000 ; 1 ; 0 ; 3 ; 0.0 ; 19.100000381469727 ; -4.600216666666666 ; 48.322766666666666 ; 244.0 ; 244 ; 54 ; -1 ; -1 ; -1 ; -1 ; 0;2
383.7870000000039 ; 226263000 ; 3 ; 0 ; -1 ; 720.0032348632812 ; 19.0 ; -4.600933333333334 ; 48.32253333333333 ; 245.0 ; 249 ; 1 ; -1 ; -1 ; 140 ; 1 ; 0;1
385.2540000000008 ; 226263000 ; 3 ; 0 ; -1 ; 720.0032348632812 ; 18.899999618530273 ; -4.601166666666667 ; 48.322466666666664 ; 245.0 ; 250 ; 2 ; -1 ; -1 ; 311 ; 0 ; 0;2
387.52100000000064 ; 226263000 ; 3 ; 0 ; -1 ; 720.0032348632812 ; 18.799999237060547 ; -4.6014 ; 48.3224 ; 245.0 ; 251 ; 4 ; -1 ; -1 ; 152 ; 0 ; 0;1
389.6010000000024 ; 226263000 ; 1 ; 0 ; 5 ; 720.0032348632812 ; 18.899999618530273 ; -4.601633333333333 ; 48.32233333333333 ; 245.0 ; 251 ; 7 ; -1 ; -1 ; -1 ; -1 ; 0;2
391.5740000000005 ; 226263000 ; 3 ; 0 ; -1 ; 720.0032348632812 ; 18.799999237060547 ; -4.601883333333333 ; 48.322266666666664 ; 246.0 ; 251 ; 8 ; -1 ; -1 ; 290 ; 0 ; 0;1
393.54700000000594 ; 226263000 ; 3 ; 0 ; -1 ; 720.0032348632812 ; 18.799999237060547 ; -4.602133333333334 ; 48.32221666666667 ; 247.0 ; 251 ; 10 ; -1 ; -1 ; 148 ; 0 ; 0;2
395.65400000000227 ; 226263000 ; 1 ; 0 ; 3 ; 720.0032348632812 ; 18.799999237060547 ; -4.602383333333333 ; 48.32216666666667 ; 248.0 ; 251 ; 12 ; -1 ; -1 ; -1 ; -1 ; 0;1
399.30800000000454 ; 226263000 ; 3 ; 0 ; -1 ; 720.0032348632812 ; 18.799999237060547 ; -4.602883333333334 ; 48.322066666666665 ; 249.0 ; 250 ; 16 ; -1 ; -1 ; 150 ; 0 ; 0;1
401.12100000000646 ; 226263000 ; 3 ; 0 ; -1 ; 720.0032348632812 ; 18.899999618530273 ; -4.603133333333333 ; 48.32201666666667 ; 250.0 ; 250 ; 18 ; -1 ; -1 ; 1678 ; 1 ; 0;2
405.5480000000025 ; 226263000 ; 3 ; 0 ; -1 ; 720.0032348632812 ; 18.899999618530273 ; -4.603633333333334 ; 48.3219 ; 251.0 ; 250 ; 22 ; -1 ; -1 ; 143 ; 0 ; 0;2
407.3610000000044 ; 226263000 ; 1 ; 0 ; 2 ; 0.0 ; 18.799999237060547 ; -4.603883333333333 ; 48.32185 ; 251.0 ; 249 ; 24 ; 1053 ; -1 ; -1 ; -1 ; 0;1
409.3610000000044 ; 226263000 ; 3 ; 0 ; -1 ; 0.0 ; 18.899999618530273 ; -4.604133333333333 ; 48.3218 ; 251.0 ; 249 ; 26 ; -1 ; -1 ; 301 ; 0 ; 0;2
411.4690000000046 ; 226263000 ; 3 ; 0 ; -1 ; 0.0 ; 18.799999237060547 ; -4.604383333333334 ; 48.32175 ; 251.0 ; 249 ; 28 ; -1 ; -1 ; 147 ; 0 ; 0;1
412.88200000000506 ; 226263000 ; 1 ; 0 ; 3 ; 0.0 ; 18.899999618530273 ; -4.604633333333333 ; 48.32168333333333 ; 251.0 ; 249 ; 30 ; -1 ; -1 ; -1 ; -1 ; 0;2
415.3880000000063 ; 226263000 ; 3 ; 0 ; -1 ; 0.0 ; 18.899999618530273 ; -4.604883333333333 ; 48.32163333333333 ; 250.0 ; 250 ; 32 ; -1 ; -1 ; 0 ; 0 ; 0;1
417.3880000000063 ; 226263000 ; 3 ; 0 ; -1 ; 0.0 ; 18.899999618530273 ; -4.605133333333334 ; 48.32156666666667 ; 250.0 ; 250 ; 34 ; -1 ; -1 ; 0 ; 0 ; 0;2
419.974000000002 ; 226263000 ; 1 ; 0 ; 3 ; 0.0 ; 18.899999618530273 ; -4.605616666666666 ; 48.32145 ; 250.0 ; 252 ; 38 ; -1 ; -1 ; -1 ; -1 ; 0;1
425.44100000000617 ; 226263000 ; 1 ; 0 ; 0 ; 0.0 ; 18.899999618530273 ; -4.606116666666667 ; 48.321333333333335 ; 250.0 ; 254 ; 42 ; -1 ; 2252 ; -1 ; -1 ; 0;2
432.00100000000384 ; 226263000 ; 1 ; 0 ; 6 ; 0.0 ; 18.799999237060547 ; -4.607116666666666 ; 48.32111666666667 ; 252.0 ; 254 ; 50 ; 1977 ; -1 ; -1 ; -1 ; 0;1
437.2270000000062 ; 226263000 ; 1 ; 0 ; 2 ; 0.0 ; 18.899999618530273 ; -4.607633333333333 ; 48.32103333333333 ; 252.0 ; 254 ; 54 ; 2173 ; -1 ; -1 ; -1 ; 0;2
443.7870000000039 ; 226263000 ; 1 ; 0 ; 2 ; 0.0 ; 18.899999618530273 ; -4.60865 ; 48.32085 ; 254.0 ; 253 ; 2 ; 169 ; -1 ; -1 ; -1 ; 0;1
449.6010000000024 ; 226263000 ; 1 ; 0 ; 4 ; 0.0 ; 18.899999618530273 ; -4.6094 ; 48.32071666666667 ; 254.0 ; 252 ; 8 ; 387 ; -1 ; -1 ; -1 ; 0;2
455.65400000000227 ; 226263000 ; 1 ; 0 ; 2 ; 0.0 ; 18.899999618530273 ; -4.610166666666666 ; 48.320566666666664 ; 253.0 ; 252 ; 14 ; 614 ; -1 ; -1 ; -1 ; 0;1
461.12100000000646 ; 226263000 ; 1 ; 0 ; 1 ; 0.0 ; 19.0 ; -4.610666666666667 ; 48.32046666666667 ; 253.0 ; 254 ; 18 ; -1 ; -1 ; -1 ; -1 ; 0;2
467.3610000000044 ; 226263000 ; 1 ; 0 ; 1 ; 0.0 ; 18.799999237060547 ; -4.611666666666666 ; 48.32026666666667 ; 253.0 ; 256 ; 26 ; -1 ; -1 ; -1 ; -1 ; 0;1
479.974000000002 ; 226263000 ; 1 ; 0 ; 2 ; 0.0 ; 18.799999237060547 ; -4.6132 ; 48.32005 ; 256.0 ; 256 ; 38 ; 1526 ; -1 ; -1 ; -1 ; 0;1
485.49400000000605 ; 226263000 ; 1 ; 0 ; 7 ; 0.0 ; 18.799999237060547 ; -4.61395 ; 48.31993333333333 ; 256.0 ; 256 ; 44 ; -1 ; -1 ; -1 ; -1 ; 0;2
492.00100000000384 ; 226263000 ; 1 ; 0 ; 5 ; 0.0 ; 18.899999618530273 ; -4.614733333333334 ; 48.31981666666667 ; 256.0 ; 255 ; 50 ; -1 ; -1 ; -1 ; -1 ; 0;1
497.2270000000062 ; 226263000 ; 1 ; 0 ; 1 ; 0.0 ; 18.899999618530273 ; -4.6155 ; 48.31968333333333 ; 256.0 ; 256 ; 56 ; -1 ; -1 ; -1 ; -1 ; 0;2
503.78800000000047 ; 226263000 ; 1 ; 0 ; 1 ; 0.0 ; 18.899999618530273 ; -4.616266666666666 ; 48.31956666666667 ; 256.0 ; 256 ; 2 ; -1 ; -1 ; -1 ; -1 ; 0;1
509.6010000000024 ; 226263000 ; 1 ; 0 ; 3 ; 0.0 ; 18.899999618530273 ; -4.6170333333333335 ; 48.31945 ; 256.0 ; 256 ; 8 ; -1 ; -1 ; -1 ; -1 ; 0;2
515.6540000000023 ; 226263000 ; 1 ; 0 ; 1 ; 0.0 ; 18.899999618530273 ; -4.617666666666667 ; 48.31935 ; 256.0 ; 256 ; 13 ; -1 ; -1 ; -1 ; -1 ; 0;1
521.1210000000065 ; 226263000 ; 1 ; 0 ; 0 ; 0.0 ; 18.899999618530273 ; -4.618433333333333 ; 48.31923333333334 ; 256.0 ; 256 ; 19 ; -1 ; 2265 ; -1 ; -1 ; 0;2
527.3610000000044 ; 226263000 ; 1 ; 0 ; 0 ; 0.0 ; 18.799999237060547 ; -4.6192 ; 48.319116666666666 ; 256.0 ; 256 ; 25 ; -1 ; 2265 ; -1 ; -1 ; 0;1
532.8810000000012 ; 226263000 ; 1 ; 0 ; 1 ; 0.0 ; 18.899999618530273 ; -4.6199666666666666 ; 48.318983333333335 ; 256.0 ; 256 ; 31 ; -1 ; -1 ; -1 ; -1 ; 0;2
539.974000000002 ; 226263000 ; 1 ; 0 ; 1 ; 0.0 ; 18.899999618530273 ; -4.620733333333333 ; 48.318866666666665 ; 256.0 ; 256 ; 37 ; -1 ; -1 ; -1 ; -1 ; 0;1
545.494000000006 ; 226263000 ; 1 ; 0 ; 6 ; 0.0 ; 18.899999618530273 ; -4.6215 ; 48.31875 ; 256.0 ; 256 ; 43 ; 1733 ; -1 ; -1 ; -1 ; 0;2
552.0020000000004 ; 226263000 ; 1 ; 0 ; 4 ; 0.0 ; 18.700000762939453 ; -4.62225 ; 48.31863333333333 ; 256.0 ; 256 ; 49 ; 1977 ; -1 ; -1 ; -1 ; 0;1
557.2280000000028 ; 226263000 ; 1 ; 0 ; 0 ; 0.0 ; 18.700000762939453 ; -4.6230166666666666 ; 48.31851666666667 ; 256.0 ; 256 ; 55 ; -1 ; 2270 ; -1 ; -1 ; 0;2
563.7870000000039 ; 226263000 ; 1 ; 0 ; 0 ; 0.0 ; 18.799999237060547 ; -4.623783333333333 ; 48.3184 ; 256.0 ; 256 ; 1 ; -1 ; 2227 ; -1 ; -1 ; 0;1
569.6010000000024 ; 226263000 ; 1 ; 0 ; 2 ; 0.0 ; 18.700000762939453 ; -4.624533333333333 ; 48.31828333333333 ; 257.0 ; 256 ; 7 ; 387 ; -1 ; -1 ; -1 ; 0;2
575.6540000000023 ; 226263000 ; 1 ; 0 ; 0 ; 0.0 ; 18.700000762939453 ; -4.6253 ; 48.31816666666667 ; 257.0 ; 256 ; 13 ; -1 ; 2237 ; -1 ; -1 ; 0;1
581.5210000000006 ; 226263000 ; 1 ; 0 ; 5 ; 0.0 ; 18.799999237060547 ; -4.6260666666666665 ; 48.31805 ; 257.0 ; 256 ; 19 ; -1 ; -1 ; -1 ; -1 ; 0;2
587.7610000000059 ; 226263000 ; 1 ; 0 ; 6 ; 0.0 ; 18.799999237060547 ; -4.626833333333333 ; 48.317933333333336 ; 256.0 ; 256 ; 25 ; 1068 ; -1 ; -1 ; -1 ; 0;1
612.0020000000004 ; 226263000 ; 1 ; 0 ; 3 ; 0.0 ; 18.799999237060547 ; -4.6299 ; 48.31746666666667 ; 257.0 ; 257 ; 49 ; -1 ; -1 ; -1 ; -1 ; 0;1
617.7610000000059 ; 226263000 ; 1 ; 0 ; 7 ; 0.0 ; 18.799999237060547 ; -4.6306666666666665 ; 48.31735 ; 257.0 ; 259 ; 55 ; -1 ; -1 ; -1 ; -1 ; 0;2
623.1740000000063 ; 226263000 ; 1 ; 0 ; 5 ; 0.0 ; 18.799999237060547 ; -4.6313 ; 48.31726666666667 ; 257.0 ; 260 ; 1 ; -1 ; -1 ; -1 ; -1 ; 0;1
629.6020000000062 ; 226263000 ; 1 ; 0 ; 1 ; 720.0032348632812 ; 18.799999237060547 ; -4.6322 ; 48.317166666666665 ; 259.0 ; 261 ; 7 ; -1 ; -1 ; -1 ; -1 ; 0;2
635.3090000000011 ; 226263000 ; 1 ; 0 ; 3 ; 720.0032348632812 ; 18.799999237060547 ; -4.632983333333334 ; 48.317083333333336 ; 260.0 ; 262 ; 13 ; -1 ; -1 ; -1 ; -1 ; 0;1
641.5210000000006 ; 226263000 ; 1 ; 0 ; 4 ; 0.0 ; 18.799999237060547 ; -4.63375 ; 48.31701666666667 ; 261.0 ; 261 ; 19 ; 834 ; -1 ; -1 ; -1 ; 0;2
647.7610000000059 ; 226263000 ; 1 ; 0 ; 5 ; 0.0 ; 18.799999237060547 ; -4.634533333333334 ; 48.316966666666666 ; 262.0 ; 261 ; 25 ; -1 ; -1 ; -1 ; -1 ; 0;1
660.0020000000004 ; 226263000 ; 1 ; 0 ; 4 ; 0.0 ; 18.899999618530273 ; -4.636233333333333 ; 48.31681666666667 ; 262.0 ; 261 ; 38 ; 1527 ; -1 ; -1 ; -1 ; 0;1
665.4960000000065 ; 226263000 ; 1 ; 0 ; 4 ; 0.0 ; 18.899999618530273 ; -4.63675 ; 48.316766666666666 ; 262.0 ; 261 ; 42 ; 1733 ; -1 ; -1 ; -1 ; 0;2
672.0060000000012 ; 226263000 ; 1 ; 0 ; 2 ; 0.0 ; 18.799999237060547 ; -4.637783333333333 ; 48.31668333333333 ; 262.0 ; 261 ; 50 ; 1977 ; -1 ; -1 ; -1 ; 0;1
677.7620000000024 ; 226263000 ; 1 ; 0 ; 6 ; 0.0 ; 18.899999618530273 ; -4.638566666666667 ; 48.31661666666667 ; 262.0 ; 261 ; 56 ; 2193 ; -1 ; -1 ; -1 ; 0;2
683.1750000000029 ; 226263000 ; 1 ; 0 ; 4 ; 0.0 ; 18.899999618530273 ; -4.639083333333334 ; 48.31656666666667 ; 262.0 ; 261 ; 1 ; 146 ; -1 ; -1 ; -1 ; 0;1
689.6020000000062 ; 226263000 ; 1 ; 0 ; 0 ; 0.0 ; 18.899999618530273 ; -4.639866666666666 ; 48.3165 ; 262.0 ; 261 ; 6 ; -1 ; 2251 ; -1 ; -1 ; 0;2
695.3090000000011 ; 226263000 ; 1 ; 0 ; 2 ; 0.0 ; 18.799999237060547 ; -4.64065 ; 48.316433333333336 ; 262.0 ; 261 ; 12 ; 601 ; -1 ; -1 ; -1 ; 0;1
701.5210000000006 ; 226263000 ; 1 ; 0 ; 3 ; 0.0 ; 18.799999237060547 ; -4.641416666666666 ; 48.31636666666667 ; 262.0 ; 261 ; 18 ; -1 ; -1 ; -1 ; -1 ; 0;2
707.7620000000024 ; 226263000 ; 1 ; 0 ; 4 ; 0.0 ; 18.899999618530273 ; -4.6424666666666665 ; 48.316266666666664 ; 262.0 ; 261 ; 26 ; 1068 ; -1 ; -1 ; -1 ; 0;1
712.9080000000031 ; 226263000 ; 1 ; 0 ; 3 ; 0.0 ; 18.899999618530273 ; -4.6429833333333335 ; 48.31623333333334 ; 262.0 ; 261 ; 30 ; -1 ; -1 ; -1 ; -1 ; 0;2
720.0010000000038 ; 226263000 ; 1 ; 0 ; 3 ; 0.0 ; 18.899999618530273 ; -4.6440166666666665 ; 48.31613333333333 ; 262.0 ; 261 ; 38 ; -1 ; -1 ; -1 ; -1 ; 0;1
725.4960000000065 ; 226263000 ; 1 ; 0 ; 3 ; 0.0 ; 18.799999237060547 ; -4.6448 ; 48.316066666666664 ; 262.0 ; 261 ; 44 ; -1 ; -1 ; -1 ; -1 ; 0;2
732.0020000000004 ; 226263000 ; 1 ; 0 ; 1 ; 0.0 ; 18.799999237060547 ; -4.645566666666666 ; 48.316 ; 262.0 ; 261 ; 50 ; -1 ; -1 ; -1 ; -1 ; 0;1
737.7620000000024 ; 226263000 ; 1 ; 0 ; 5 ; 0.0 ; 18.799999237060547 ; -4.64635 ; 48.315933333333334 ; 262.0 ; 261 ; 56 ; -1 ; -1 ; -1 ; -1 ; 0;2
743.1750000000029 ; 226263000 ; 1 ; 0 ; 3 ; 0.0 ; 18.899999618530273 ; -4.646866666666667 ; 48.3159 ; 262.0 ; 261 ; 0 ; -1 ; -1 ; -1 ; -1 ; 0;1
749.6290000000008 ; 226263000 ; 1 ; 0 ; 4 ; 0.0 ; 18.899999618530273 ; -4.647916666666666 ; 48.3158 ; 262.0 ; 261 ; 8 ; 388 ; -1 ; -1 ; -1 ; 0;2
755.310000000005 ; 226263000 ; 1 ; 0 ; 1 ; 0.0 ; 18.899999618530273 ; -4.6486833333333335 ; 48.315733333333334 ; 262.0 ; 262 ; 14 ; -1 ; -1 ; -1 ; -1 ; 0;1
761.5220000000045 ; 226263000 ; 1 ; 0 ; 2 ; 0.0 ; 18.799999237060547 ; -4.64945 ; 48.315666666666665 ; 262.0 ; 261 ; 20 ; 834 ; -1 ; -1 ; -1 ; 0;2
767.7630000000063 ; 226263000 ; 3 ; 0 ; -1 ; 0.0 ; 18.799999237060547 ; -4.650233333333333 ; 48.31561666666666 ; 262.0 ; 261 ; 26 ; -1 ; -1 ; 1491 ; 1 ; 0;1
772.9089999999997 ; 226263000 ; 1 ; 0 ; 2 ; 0.0 ; 18.700000762939453 ; -4.65075 ; 48.31556666666667 ; 262.0 ; 261 ; 30 ; 1261 ; -1 ; -1 ; -1 ; 0;2
780.0020000000004 ; 226263000 ; 1 ; 0 ; 2 ; 0.0 ; 18.600000381469727 ; -4.651766666666667 ; 48.315466666666666 ; 262.0 ; 261 ; 38 ; 1527 ; -1 ; -1 ; -1 ; 0;1
785.4950000000026 ; 226263000 ; 1 ; 0 ; 2 ; 0.0 ; 18.700000762939453 ; -4.65255 ; 48.3154 ; 262.0 ; 261 ; 44 ; 1733 ; -1 ; -1 ; -1 ; 0;2
792.0030000000042 ; 226263000 ; 1 ; 0 ; 0 ; 0.0 ; 18.799999237060547 ; -4.653183333333334 ; 48.31535 ; 262.0 ; 261 ; 49 ; -1 ; 2232 ; -1 ; -1 ; 0;1
797.7630000000063 ; 226263000 ; 1 ; 0 ; 4 ; 0.0 ; 18.600000381469727 ; -4.65395 ; 48.31528333333333 ; 262.0 ; 261 ; 55 ; 2193 ; -1 ; -1 ; -1 ; 0;2
803.1750000000029 ; 226263000 ; 1 ; 0 ; 2 ; 0.0 ; 18.700000762939453 ; -4.654733333333334 ; 48.315216666666664 ; 262.0 ; 261 ; 2 ; 146 ; -1 ; -1 ; -1 ; 0;1
809.6290000000008 ; 226263000 ; 1 ; 0 ; 3 ; 0.0 ; 18.700000762939453 ; -4.6555 ; 48.31515 ; 262.0 ; 261 ; 7 ; -1 ; -1 ; -1 ; -1 ; 0;2
815.3090000000011 ; 226263000 ; 1 ; 0 ; 0 ; 0.0 ; 18.700000762939453 ; -4.656266666666666 ; 48.315083333333334 ; 262.0 ; 262 ; 13 ; -1 ; 2237 ; -1 ; -1 ; 0;1
821.523000000001 ; 226263000 ; 1 ; 0 ; 1 ; 0.0 ; 18.799999237060547 ; -4.65705 ; 48.315016666666665 ; 262.0 ; 261 ; 19 ; -1 ; -1 ; -1 ; -1 ; 0;2
827.7620000000024 ; 226263000 ; 1 ; 0 ; 2 ; 0.0 ; 18.700000762939453 ; -4.657816666666666 ; 48.31496666666666 ; 262.0 ; 261 ; 25 ; 1068 ; -1 ; -1 ; -1 ; 0;1
832.9100000000035 ; 226263000 ; 1 ; 0 ; 1 ; 0.0 ; 18.600000381469727 ; -4.6585833333333335 ; 48.3149 ; 262.0 ; 261 ; 31 ; -1 ; -1 ; -1 ; -1 ; 0;2
840.0030000000042 ; 226263000 ; 1 ; 0 ; 1 ; 0.0 ; 18.600000381469727 ; -4.65935 ; 48.31483333333333 ; 262.0 ; 261 ; 37 ; -1 ; -1 ; -1 ; -1 ; 0;1
845.4950000000026 ; 226263000 ; 1 ; 0 ; 1 ; 0.0 ; 18.600000381469727 ; -4.660116666666666 ; 48.314766666666664 ; 262.0 ; 261 ; 43 ; -1 ; -1 ; -1 ; -1 ; 0;2
851.5210000000006 ; 226263000 ; 1 ; 0 ; 6 ; 0.0 ; 18.600000381469727 ; -4.6609 ; 48.3147 ; 262.0 ; 262 ; 49 ; 1959 ; -1 ; -1 ; -1 ; 0;1
857.7630000000063 ; 226263000 ; 1 ; 0 ; 3 ; 0.0 ; 18.700000762939453 ; -4.6618 ; 48.31463333333333 ; 262.0 ; 260 ; 55 ; -1 ; -1 ; -1 ; -1 ; 0;2
863.1760000000068 ; 226263000 ; 1 ; 0 ; 1 ; 0.0 ; 18.700000762939453 ; -4.662583333333333 ; 48.314566666666664 ; 262.0 ; 261 ; 1 ; -1 ; -1 ; -1 ; -1 ; 0;1
869.6280000000042 ; 226263000 ; 1 ; 0 ; 2 ; 0.0 ; 18.700000762939453 ; -4.663333333333333 ; 48.3145 ; 262.0 ; 261 ; 7 ; 388 ; -1 ; -1 ; -1 ; 0;2
874.9620000000068 ; 226263000 ; 1 ; 0 ; 6 ; 0.0 ; 18.600000381469727 ; -4.6641 ; 48.314433333333334 ; 262.0 ; 261 ; 13 ; 588 ; -1 ; -1 ; -1 ; 0;1
881.523000000001 ; 226263000 ; 1 ; 0 ; 0 ; 0.0 ; 18.600000381469727 ; -4.664866666666667 ; 48.314366666666665 ; 262.0 ; 261 ; 19 ; -1 ; 2243 ; -1 ; -1 ; 0;2
887.7630000000063 ; 226263000 ; 1 ; 0 ; 1 ; 0.0 ; 18.700000762939453 ; -4.66565 ; 48.3143 ; 262.0 ; 261 ; 25 ; -1 ; -1 ; -1 ; -1 ; 0;1
892.9089999999997 ; 226263000 ; 1 ; 0 ; 0 ; 0.0 ; 18.700000762939453 ; -4.666433333333333 ; 48.31421666666667 ; 262.0 ; 261 ; 31 ; -1 ; 2254 ; -1 ; -1 ; 0;2
900.0020000000004 ; 226263000 ; 1 ; 0 ; 0 ; 0.0 ; 18.799999237060547 ; -4.667366666666667 ; 48.31415 ; 262.0 ; 261 ; 37 ; -1 ; 2210 ; -1 ; -1 ; 0;1
905.4950000000026 ; 226263000 ; 1 ; 0 ; 0 ; 0.0 ; 18.799999237060547 ; -4.668 ; 48.314083333333336 ; 262.0 ; 261 ; 43 ; -1 ; 2235 ; -1 ; -1 ; 0;2
911.5210000000006 ; 226263000 ; 1 ; 0 ; 5 ; 0.0 ; 18.799999237060547 ; -4.668716666666667 ; 48.314033333333334 ; 262.0 ; 261 ; 49 ; -1 ; -1 ; -1 ; -1 ; 0;1
917.7620000000024 ; 226263000 ; 1 ; 0 ; 2 ; 0.0 ; 18.700000762939453 ; -4.66945 ; 48.313966666666666 ; 262.0 ; 261 ; 55 ; 2193 ; -1 ; -1 ; -1 ; 0;2
923.1760000000068 ; 226263000 ; 1 ; 0 ; 0 ; 0.0 ; 18.799999237060547 ; -4.670083333333333 ; 48.313916666666664 ; 262.0 ; 261 ; 1 ; -1 ; 2278 ; -1 ; -1 ; 0;1
929.6290000000008 ; 226263000 ; 1 ; 0 ; 1 ; 0.0 ; 18.799999237060547 ; -4.67085 ; 48.31385 ; 262.0 ; 260 ; 6 ; -1 ; -1 ; -1 ; -1 ; 0;2
941.336000000003 ; 226263000 ; 1 ; 0 ; 6 ; 0.0 ; 18.799999237060547 ; -4.672383333333333 ; 48.3137 ; 262.0 ; 261 ; 18 ; 827 ; -1 ; -1 ; -1 ; 0;2
947.7620000000024 ; 226263000 ; 1 ; 0 ; 0 ; 0.0 ; 18.600000381469727 ; -4.67315 ; 48.313633333333335 ; 261.0 ; 262 ; 24 ; -1 ; 2233 ; -1 ; -1 ; 0;1
958.9360000000015 ; 226263000 ; 1 ; 0 ; 5 ; 0.0 ; 18.600000381469727 ; -4.674683333333333 ; 48.3135 ; 262.0 ; 261 ; 36 ; -1 ; -1 ; -1 ; -1 ; 0;1
965.0950000000012 ; 226263000 ; 1 ; 0 ; 5 ; 0.0 ; 18.299999237060547 ; -4.675433333333333 ; 48.31345 ; 262.0 ; 260 ; 42 ; -1 ; -1 ; -1 ; -1 ; 0;2
971.5220000000045 ; 226263000 ; 1 ; 0 ; 4 ; 0.0 ; 18.399999618530273 ; -4.676183333333333 ; 48.313383333333334 ; 262.0 ; 261 ; 48 ; 1959 ; -1 ; -1 ; -1 ; 0;1
977.7620000000024 ; 226263000 ; 1 ; 0 ; 1 ; 0.0 ; 18.399999618530273 ; -4.6772 ; 48.31328333333333 ; 262.0 ; 261 ; 56 ; -1 ; -1 ; -1 ; -1 ; 0;2
983.9220000000059 ; 226263000 ; 1 ; 0 ; 4 ; 0.0 ; 18.299999237060547 ; -4.67795 ; 48.313233333333336 ; 262.0 ; 261 ; 2 ; 174 ; -1 ; -1 ; -1 ; 0;1
989.6290000000008 ; 226263000 ; 1 ; 0 ; 0 ; 0.0 ; 18.399999618530273 ; -4.678716666666666 ; 48.31316666666667 ; 262.0 ; 261 ; 8 ; -1 ; 2226 ; -1 ; -1 ; 0;2
994.9620000000068 ; 226263000 ; 1 ; 0 ; 4 ; 0.0 ; 18.299999237060547 ; -4.679233333333333 ; 48.313116666666666 ; 262.0 ; 262 ; 12 ; 588 ; -1 ; -1 ; -1 ; 0;1
1001.336000000003 ; 226263000 ; 1 ; 0 ; 5 ; 0.0 ; 18.399999618530273 ; -4.679983333333333 ; 48.31305 ; 262.0 ; 261 ; 18 ; -1 ; -1 ; -1 ; -1 ; 0;2
1007.3090000000011 ; 226263000 ; 1 ; 0 ; 3 ; 0.0 ; 18.5 ; -4.68075 ; 48.312983333333335 ; 262.0 ; 262 ; 24 ; -1 ; -1 ; -1 ; -1 ; 0;1
1013.0160000000033 ; 226263000 ; 1 ; 0 ; 4 ; 0.0 ; 18.200000762939453 ; -4.6815 ; 48.312916666666666 ; 262.0 ; 261 ; 30 ; 1265 ; -1 ; -1 ; -1 ; 0;2
1018.9360000000015 ; 226263000 ; 1 ; 0 ; 4 ; 0.0 ; 18.299999237060547 ; -4.68225 ; 48.312866666666665 ; 263.0 ; 261 ; 36 ; 1487 ; -1 ; -1 ; -1 ; 0;1
1025.096000000005 ; 226263000 ; 1 ; 0 ; 4 ; 0.0 ; 18.299999237060547 ; -4.683016666666667 ; 48.312783333333336 ; 262.0 ; 260 ; 42 ; 1718 ; -1 ; -1 ; -1 ; 0;2
1031.5220000000045 ; 226263000 ; 1 ; 0 ; 3 ; 0.0 ; 18.399999618530273 ; -4.68415 ; 48.3127 ; 262.0 ; 261 ; 50 ; -1 ; -1 ; -1 ; -1 ; 0;1
1037.7620000000024 ; 226263000 ; 1 ; 0 ; 0 ; 0.0 ; 18.399999618530273 ; -4.6849 ; 48.31261666666666 ; 262.0 ; 261 ; 56 ; -1 ; 2220 ; -1 ; -1 ; 0;2
1043.9230000000025 ; 226263000 ; 1 ; 0 ; 3 ; 0.0 ; 18.299999237060547 ; -4.685666666666667 ; 48.31256666666667 ; 262.0 ; 261 ; 2 ; -1 ; -1 ; -1 ; -1 ; 0;1
1048.9890000000014 ; 226263000 ; 1 ; 0 ; 3 ; 0.0 ; 18.399999618530273 ; -4.686183333333333 ; 48.31251666666667 ; 262.0 ; 261 ; 6 ; -1 ; -1 ; -1 ; -1 ; 0;2
1054.9620000000068 ; 226263000 ; 1 ; 0 ; 3 ; 0.0 ; 18.5 ; -4.68695 ; 48.31245 ; 262.0 ; 261 ; 12 ; -1 ; -1 ; -1 ; -1 ; 0;1
1061.336000000003 ; 226263000 ; 1 ; 0 ; 4 ; 0.0 ; 18.600000381469727 ; -4.687966666666667 ; 48.31236666666667 ; 262.0 ; 261 ; 20 ; 827 ; -1 ; -1 ; -1 ; 0;2
1067.309000000001 ; 226263000 ; 1 ; 0 ; 2 ; 0.0 ; 18.5 ; -4.6886 ; 48.3123 ; 262.0 ; 261 ; 25 ; 1051 ; -1 ; -1 ; -1 ; 0;1
1073.0160000000033 ; 226263000 ; 1 ; 0 ; 3 ; 0.0 ; 18.5 ; -4.6893666666666665 ; 48.31223333333333 ; 261.0 ; 261 ; 31 ; -1 ; -1 ; -1 ; -1 ; 0;2
1078.9360000000015 ; 226263000 ; 1 ; 0 ; 3 ; 0.0 ; 18.5 ; -4.690133333333334 ; 48.31216666666667 ; 262.0 ; 261 ; 37 ; -1 ; -1 ; -1 ; -1 ; 0;1
1085.096000000005 ; 226263000 ; 1 ; 0 ; 3 ; 0.0 ; 18.5 ; -4.6909 ; 48.3121 ; 262.0 ; 262 ; 43 ; -1 ; -1 ; -1 ; -1 ; 0;2
1091.523000000001 ; 226263000 ; 1 ; 0 ; 2 ; 0.0 ; 18.5 ; -4.69165 ; 48.31203333333333 ; 262.0 ; 260 ; 49 ; 1959 ; -1 ; -1 ; -1 ; 0;1
1096.9630000000034 ; 226263000 ; 1 ; 0 ; 3 ; 0.0 ; 18.5 ; -4.692433333333334 ; 48.31196666666666 ; 262.0 ; 261 ; 55 ; -1 ; -1 ; -1 ; -1 ; 0;2
1103.9230000000025 ; 226263000 ; 1 ; 0 ; 2 ; 0.0 ; 18.399999618530273 ; -4.693183333333334 ; 48.3119 ; 261.0 ; 261 ; 2 ; 174 ; -1 ; -1 ; -1 ; 0;1
1108.9890000000014 ; 226263000 ; 1 ; 0 ; 2 ; 0.0 ; 18.399999618530273 ; -4.69395 ; 48.31183333333333 ; 262.0 ; 261 ; 7 ; 364 ; -1 ; -1 ; -1 ; 0;2
1114.9620000000068 ; 226263000 ; 1 ; 0 ; 2 ; 0.0 ; 18.399999618530273 ; -4.6947 ; 48.311766666666664 ; 262.0 ; 262 ; 13 ; 588 ; -1 ; -1 ; -1 ; 0;1
1121.336000000003 ; 226263000 ; 1 ; 0 ; 3 ; 0.0 ; 18.200000762939453 ; -4.69545 ; 48.3117 ; 262.0 ; 261 ; 19 ; -1 ; -1 ; -1 ; -1 ; 0;2
1127.310000000005 ; 226263000 ; 1 ; 0 ; 1 ; 0.0 ; 18.399999618530273 ; -4.6962166666666665 ; 48.31163333333333 ; 262.0 ; 262 ; 25 ; -1 ; -1 ; -1 ; -1 ; 0;1
1133.0160000000033 ; 226263000 ; 3 ; 0 ; -1 ; 0.0 ; 18.399999618530273 ; -4.696983333333334 ; 48.311566666666664 ; 262.0 ; 261 ; 31 ; -1 ; -1 ; 1286 ; 1 ; 0;2
1138.9360000000015 ; 226263000 ; 1 ; 0 ; 2 ; 0.0 ; 18.299999237060547 ; -4.697733333333334 ; 48.31151666666667 ; 262.0 ; 261 ; 37 ; 1487 ; -1 ; -1 ; -1 ; 0;1
1145.096000000005 ; 226263000 ; 1 ; 0 ; 2 ; 0.0 ; 18.299999237060547 ; -4.6985 ; 48.31145 ; 262.0 ; 261 ; 43 ; 1718 ; -1 ; -1 ; -1 ; 0;2
1151.523000000001 ; 226263000 ; 1 ; 0 ; 1 ; 0.0 ; 18.5 ; -4.6992666666666665 ; 48.31138333333333 ; 263.0 ; 261 ; 49 ; -1 ; -1 ; -1 ; -1 ; 0;1
1156.9630000000034 ; 226263000 ; 1 ; 0 ; 2 ; 0.0 ; 18.299999237060547 ; -4.7 ; 48.31131666666667 ; 262.0 ; 261 ; 55 ; 2163 ; -1 ; -1 ; -1 ; 0;2
1163.9230000000025 ; 226263000 ; 1 ; 0 ; 1 ; 0.0 ; 18.299999237060547 ; -4.700633333333333 ; 48.31126666666667 ; 262.0 ; 261 ; 1 ; -1 ; -1 ; -1 ; -1 ; 0;1
1168.9890000000014 ; 226263000 ; 1 ; 0 ; 1 ; 0.0 ; 18.399999618530273 ; -4.701533333333333 ; 48.31118333333333 ; 262.0 ; 261 ; 6 ; -1 ; -1 ; -1 ; -1 ; 0;2
1174.9630000000034 ; 226263000 ; 1 ; 0 ; 1 ; 0.0 ; 18.399999618530273 ; -4.702283333333333 ; 48.31111666666666 ; 262.0 ; 263 ; 13 ; -1 ; -1 ; -1 ; -1 ; 0;1
1180.5900000000038 ; 226263000 ; 3 ; 0 ; -1 ; 720.0032348632812 ; 18.399999618530273 ; -4.703033333333333 ; 48.31105 ; 262.0 ; 269 ; 19 ; -1 ; -1 ; 107 ; 0 ; 0;1
1181.3370000000068 ; 226263000 ; 3 ; 0 ; -1 ; 720.0032348632812 ; 18.399999618530273 ; -4.703033333333333 ; 48.31105 ; 262.0 ; 269 ; 19 ; -1 ; -1 ; 159 ; 1 ; 0;2
1183.4430000000066 ; 226263000 ; 3 ; 0 ; -1 ; 720.0032348632812 ; 18.200000762939453 ; -4.703283333333333 ; 48.311033333333334 ; 262.0 ; 270 ; 21 ; -1 ; -1 ; 300 ; 0 ; 0;1
1185.5770000000048 ; 226263000 ; 3 ; 0 ; -1 ; 720.0032348632812 ; 18.200000762939453 ; -4.70355 ; 48.311033333333334 ; 262.0 ; 271 ; 23 ; -1 ; -1 ; 139 ; 0 ; 0;2
1187.3110000000015 ; 226263000 ; 1 ; 0 ; 0 ; 720.0032348632812 ; 18.299999237060547 ; -4.703783333333333 ; 48.311033333333334 ; 263.0 ; 271 ; 25 ; -1 ; 2271 ; -1 ; -1 ; 0;1
1189.2839999999997 ; 226263000 ; 3 ; 0 ; -1 ; 720.0032348632812 ; 18.100000381469727 ; -4.70405 ; 48.31105 ; 265.0 ; 271 ; 27 ; -1 ; -1 ; 305 ; 0 ; 0;2
1191.4430000000066 ; 226263000 ; 3 ; 0 ; -1 ; 720.0032348632812 ; 18.299999237060547 ; -4.7043 ; 48.31105 ; 266.0 ; 270 ; 29 ; -1 ; -1 ; 150 ; 0 ; 0;1
1193.0180000000037 ; 226263000 ; 1 ; 0 ; 1 ; 720.0032348632812 ; 18.200000762939453 ; -4.70455 ; 48.31106666666667 ; 267.0 ; 270 ; 31 ; -1 ; -1 ; -1 ; -1 ; 0;2
1195.4430000000066 ; 226263000 ; 3 ; 0 ; -1 ; 720.0032348632812 ; 18.200000762939453 ; -4.704816666666667 ; 48.31106666666667 ; 268.0 ; 269 ; 33 ; -1 ; -1 ; 298 ; 0 ; 0;1
1197.4160000000047 ; 226263000 ; 3 ; 0 ; -1 ; 720.0032348632812 ; 18.299999237060547 ; -4.705066666666666 ; 48.311083333333336 ; 269.0 ; 269 ; 35 ; -1 ; -1 ; 147 ; 0 ; 0;2
1198.9370000000054 ; 226263000 ; 1 ; 0 ; 1 ; 720.0032348632812 ; 18.200000762939453 ; -4.705333333333333 ; 48.311083333333336 ; 269.0 ; 269 ; 37 ; -1 ; -1 ; -1 ; -1 ; 0;1
1201.3370000000068 ; 226263000 ; 3 ; 0 ; -1 ; 720.0032348632812 ; 18.299999237060547 ; -4.70545 ; 48.311083333333336 ; 270.0 ; 269 ; 38 ; -1 ; -1 ; 309 ; 0 ; 0;2
1203.3900000000067 ; 226263000 ; 3 ; 0 ; -1 ; 720.0032348632812 ; 18.299999237060547 ; -4.7057 ; 48.311083333333336 ; 270.0 ; 269 ; 40 ; -1 ; -1 ; 149 ; 0 ; 0;1
1205.0980000000054 ; 226263000 ; 1 ; 0 ; 1 ; 720.0032348632812 ; 18.299999237060547 ; -4.70595 ; 48.311083333333336 ; 270.0 ; 269 ; 42 ; -1 ; -1 ; -1 ; -1 ; 0;2
1207.3640000000014 ; 226263000 ; 3 ; 0 ; -1 ; 0.0 ; 18.299999237060547 ; -4.706216666666666 ; 48.311083333333336 ; 270.0 ; 269 ; 44 ; -1 ; -1 ; 300 ; 0 ; 0;1
1209.5780000000013 ; 226263000 ; 3 ; 0 ; -1 ; 0.0 ; 18.299999237060547 ; -4.706466666666667 ; 48.311083333333336 ; 270.0 ; 269 ; 46 ; -1 ; -1 ; 143 ; 0 ; 0;2
1211.523000000001 ; 226263000 ; 1 ; 0 ; 0 ; 0.0 ; 18.299999237060547 ; -4.706733333333333 ; 48.3111 ; 270.0 ; 269 ; 48 ; -1 ; 2234 ; -1 ; -1 ; 0;1
1213.3900000000067 ; 226263000 ; 3 ; 0 ; -1 ; 0.0 ; 18.299999237060547 ; -4.7069833333333335 ; 48.3111 ; 270.0 ; 269 ; 51 ; -1 ; -1 ; 0 ; 0 ; 0;2
1215.3650000000052 ; 226263000 ; 3 ; 0 ; -1 ; 0.0 ; 18.299999237060547 ; -4.707233333333333 ; 48.3111 ; 270.0 ; 269 ; 52 ; -1 ; -1 ; 0 ; 0 ; 0;1
1216.9630000000034 ; 226263000 ; 1 ; 0 ; 1 ; 0.0 ; 18.299999237060547 ; -4.707483333333333 ; 48.3111 ; 270.0 ; 269 ; 54 ; -1 ; -1 ; -1 ; -1 ; 0;2
1223.9240000000063 ; 226263000 ; 1 ; 0 ; 0 ; 0.0 ; 18.200000762939453 ; -4.708483333333334 ; 48.3111 ; 270.0 ; 269 ; 2 ; -1 ; 2247 ; -1 ; -1 ; 0;1
1228.9900000000052 ; 226263000 ; 1 ; 0 ; 0 ; 0.0 ; 18.299999237060547 ; -4.709 ; 48.3111 ; 270.0 ; 269 ; 6 ; -1 ; 2261 ; -1 ; -1 ; 0;2
1234.9650000000038 ; 226263000 ; 1 ; 0 ; 0 ; 0.0 ; 18.299999237060547 ; -4.709766666666667 ; 48.31111666666666 ; 270.0 ; 270 ; 12 ; -1 ; 2271 ; -1 ; -1 ; 0;1
1241.3380000000034 ; 226263000 ; 1 ; 0 ; 1 ; 0.0 ; 18.299999237060547 ; -4.710533333333333 ; 48.31111666666666 ; 270.0 ; 269 ; 18 ; -1 ; -1 ; -1 ; -1 ; 0;2
1247.8710000000065 ; 226263000 ; 1 ; 0 ; 4 ; 0.0 ; 18.299999237060547 ; -4.71155 ; 48.31113333333333 ; 270.0 ; 271 ; 26 ; 1072 ; -1 ; -1 ; -1 ; 0;1
1253.0169999999998 ; 226263000 ; 1 ; 0 ; 0 ; 0.0 ; 18.299999237060547 ; -4.712066666666667 ; 48.31111666666666 ; 270.0 ; 272 ; 30 ; -1 ; 2257 ; -1 ; -1 ; 0;2
1258.9370000000054 ; 226263000 ; 1 ; 0 ; 0 ; 0.0 ; 18.299999237060547 ; -4.712833333333333 ; 48.31113333333333 ; 270.0 ; 273 ; 36 ; -1 ; 2252 ; -1 ; -1 ; 0;1
1265.0970000000016 ; 226263000 ; 1 ; 0 ; 0 ; 0.0 ; 18.299999237060547 ; -4.7136 ; 48.31118333333333 ; 272.0 ; 273 ; 42 ; -1 ; 2255 ; -1 ; -1 ; 0;2
1271.096000000005 ; 226263000 ; 1 ; 0 ; 4 ; 0.0 ; 18.5 ; -4.714383333333333 ; 48.31121666666667 ; 273.0 ; 272 ; 48 ; 1943 ; -1 ; -1 ; -1 ; 0;1
1276.964 ; 226263000 ; 1 ; 0 ; 0 ; 0.0 ; 18.399999618530273 ; -4.715133333333333 ; 48.31125 ; 273.0 ; 272 ; 54 ; -1 ; 2272 ; -1 ; -1 ; 0;2
1283.8430000000008 ; 226263000 ; 1 ; 0 ; 5 ; 0.0 ; 18.399999618530273 ; -4.716166666666667 ; 48.311283333333336 ; 273.0 ; 272 ; 2 ; -1 ; -1 ; -1 ; -1 ; 0;1
1289.283000000003 ; 226263000 ; 1 ; 0 ; 7 ; 0.0 ; 18.5 ; -4.716683333333333 ; 48.3113 ; 273.0 ; 272 ; 6 ; -1 ; -1 ; -1 ; -1 ; 0;2
1295.523000000001 ; 226263000 ; 1 ; 0 ; 3 ; 0.0 ; 18.5 ; -4.7177 ; 48.31135 ; 273.0 ; 272 ; 14 ; -1 ; -1 ; -1 ; -1 ; 0;1
1301.3370000000068 ; 226263000 ; 1 ; 0 ; 0 ; 0.0 ; 18.5 ; -4.718483333333333 ; 48.311366666666665 ; 273.0 ; 272 ; 20 ; -1 ; 2247 ; -1 ; -1 ; 0;2
1313.2030000000013 ; 226263000 ; 1 ; 0 ; 4 ; 0.0 ; 18.399999618530273 ; -4.72 ; 48.31143333333333 ; 273.0 ; 272 ; 32 ; 1272 ; -1 ; -1 ; -1 ; 0;2
1318.9900000000052 ; 226263000 ; 1 ; 0 ; 5 ; 0.0 ; 18.399999618530273 ; -4.720516666666667 ; 48.31145 ; 273.0 ; 272 ; 36 ; -1 ; -1 ; -1 ; -1 ; 0;1
1325.2309999999998 ; 226263000 ; 1 ; 0 ; 3 ; 0.0 ; 18.5 ; -4.72155 ; 48.3115 ; 273.0 ; 272 ; 44 ; -1 ; -1 ; -1 ; -1 ; 0;2
1331.0970000000016 ; 226263000 ; 1 ; 0 ; 3 ; 0.0 ; 18.5 ; -4.722316666666667 ; 48.31151666666667 ; 273.0 ; 272 ; 50 ; -1 ; -1 ; -1 ; -1 ; 0;1
1337.5490000000063 ; 226263000 ; 1 ; 0 ; 6 ; 0.0 ; 18.399999618530273 ; -4.722966666666666 ; 48.31153333333334 ; 272.0 ; 273 ; 55 ; 2185 ; -1 ; -1 ; -1 ; 0;2
1343.8440000000046 ; 226263000 ; 1 ; 0 ; 4 ; 0.0 ; 18.5 ; -4.723733333333334 ; 48.31158333333333 ; 273.0 ; 272 ; 2 ; 171 ; -1 ; -1 ; -1 ; 0;1
1349.2839999999997 ; 226263000 ; 1 ; 0 ; 6 ; 0.0 ; 18.5 ; -4.724516666666666 ; 48.311616666666666 ; 273.0 ; 272 ; 7 ; 375 ; -1 ; -1 ; -1 ; 0;2
1355.523000000001 ; 226263000 ; 1 ; 0 ; 2 ; 0.0 ; 18.600000381469727 ; -4.7252833333333335 ; 48.31163333333333 ; 273.0 ; 272 ; 13 ; 609 ; -1 ; -1 ; -1 ; 0;1
1361.257000000005 ; 226263000 ; 1 ; 0 ; 3 ; 0.0 ; 18.5 ; -4.72605 ; 48.31166666666667 ; 273.0 ; 272 ; 19 ; -1 ; -1 ; -1 ; -1 ; 0;2
1367.8700000000026 ; 226263000 ; 1 ; 0 ; 2 ; 0.0 ; 18.399999618530273 ; -4.726816666666667 ; 48.3117 ; 273.0 ; 272 ; 25 ; 1072 ; -1 ; -1 ; -1 ; 0;1
1373.2040000000052 ; 226263000 ; 1 ; 0 ; 3 ; 0.0 ; 18.5 ; -4.7276 ; 48.311733333333336 ; 273.0 ; 272 ; 31 ; -1 ; -1 ; -1 ; -1 ; 0;2
1378.9900000000052 ; 226263000 ; 1 ; 0 ; 4 ; 0.0 ; 18.5 ; -4.728366666666667 ; 48.311766666666664 ; 273.0 ; 272 ; 37 ; 1489 ; -1 ; -1 ; -1 ; 0;1
1385.2300000000032 ; 226263000 ; 1 ; 0 ; 2 ; 0.0 ; 18.5 ; -4.729116666666667 ; 48.31178333333333 ; 273.0 ; 272 ; 43 ; 1723 ; -1 ; -1 ; -1 ; 0;2
1391.0980000000054 ; 226263000 ; 1 ; 0 ; 2 ; 0.0 ; 18.5 ; -4.7299 ; 48.311816666666665 ; 273.0 ; 272 ; 49 ; 1943 ; -1 ; -1 ; -1 ; 0;1
1397.5520000000033 ; 226263000 ; 1 ; 0 ; 5 ; 0.0 ; 18.5 ; -4.730666666666667 ; 48.31186666666667 ; 273.0 ; 272 ; 55 ; -1 ; -1 ; -1 ; -1 ; 0;2
1403.8440000000046 ; 226263000 ; 1 ; 0 ; 3 ; 0.0 ; 18.5 ; -4.731433333333333 ; 48.311883333333334 ; 273.0 ; 272 ; 1 ; -1 ; -1 ; -1 ; -1 ; 0;1
1409.283000000003 ; 226263000 ; 1 ; 0 ; 5 ; 0.0 ; 18.5 ; -4.7322 ; 48.311933333333336 ; 273.0 ; 274 ; 7 ; -1 ; -1 ; -1 ; -1 ; 0;2
1415.523000000001 ; 226263000 ; 1 ; 0 ; 1 ; 0.0 ; 18.5 ; -4.732966666666667 ; 48.31196666666666 ; 273.0 ; 275 ; 13 ; -1 ; -1 ; -1 ; -1 ; 0;1
1421.257000000005 ; 226263000 ; 1 ; 0 ; 2 ; 0.0 ; 18.399999618530273 ; -4.733733333333333 ; 48.312016666666665 ; 274.0 ; 275 ; 19 ; 824 ; -1 ; -1 ; -1 ; 0;2
1427.8710000000065 ; 226263000 ; 1 ; 0 ; 1 ; 0.0 ; 18.399999618530273 ; -4.7345 ; 48.312083333333334 ; 275.0 ; 276 ; 25 ; -1 ; -1 ; -1 ; -1 ; 0;1
1433.2050000000017 ; 226263000 ; 1 ; 0 ; 2 ; 0.0 ; 18.299999237060547 ; -4.73525 ; 48.31215 ; 276.0 ; 275 ; 31 ; 1272 ; -1 ; -1 ; -1 ; 0;2
1438.9910000000018 ; 226263000 ; 1 ; 0 ; 3 ; 0.0 ; 18.600000381469727 ; -4.736033333333333 ; 48.312216666666664 ; 276.0 ; 275 ; 37 ; -1 ; -1 ; -1 ; -1 ; 0;1
1445.2309999999998 ; 226263000 ; 1 ; 0 ; 1 ; 0.0 ; 18.600000381469727 ; -4.7368 ; 48.312266666666666 ; 276.0 ; 275 ; 43 ; -1 ; -1 ; -1 ; -1 ; 0;2
1451.0980000000054 ; 226263000 ; 1 ; 0 ; 1 ; 0.0 ; 18.399999618530273 ; -4.73755 ; 48.312333333333335 ; 276.0 ; 275 ; 49 ; -1 ; -1 ; -1 ; -1 ; 0;1
1457.550000000003 ; 226263000 ; 1 ; 0 ; 4 ; 0.0 ; 18.299999237060547 ; -4.7383 ; 48.31238333333334 ; 276.0 ; 275 ; 55 ; 2185 ; -1 ; -1 ; -1 ; 0;2
1463.8450000000012 ; 226263000 ; 1 ; 0 ; 2 ; 0.0 ; 18.299999237060547 ; -4.738933333333334 ; 48.31243333333333 ; 276.0 ; 274 ; 1 ; 171 ; -1 ; -1 ; -1 ; 0;1
1469.2839999999997 ; 226263000 ; 1 ; 0 ; 4 ; 0.0 ; 18.399999618530273 ; -4.739833333333333 ; 48.3125 ; 276.0 ; 275 ; 7 ; 375 ; -1 ; -1 ; -1 ; 0;2
1475.524000000005 ; 226263000 ; 1 ; 0 ; 0 ; 0.0 ; 18.399999618530273 ; -4.740466666666666 ; 48.31255 ; 276.0 ; 275 ; 12 ; -1 ; 2230 ; -1 ; -1 ; 0;1
1481.2580000000016 ; 226263000 ; 1 ; 0 ; 1 ; 0.0 ; 18.399999618530273 ; -4.741233333333334 ; 48.31261666666666 ; 276.0 ; 276 ; 18 ; -1 ; -1 ; -1 ; -1 ; 0;2
1487.8729999999996 ; 226263000 ; 1 ; 0 ; 0 ; 0.0 ; 18.399999618530273 ; -4.74225 ; 48.3127 ; 276.0 ; 275 ; 26 ; -1 ; 2229 ; -1 ; -1 ; 0;1
1493.2040000000052 ; 226263000 ; 1 ; 0 ; 1 ; 0.0 ; 18.5 ; -4.742766666666666 ; 48.312733333333334 ; 276.0 ; 275 ; 30 ; -1 ; -1 ; -1 ; -1 ; 0;2
1498.9910000000018 ; 226263000 ; 3 ; 0 ; -1 ; 0.0 ; 18.399999618530273 ; -4.743516666666666 ; 48.3128 ; 276.0 ; 275 ; 36 ; -1 ; -1 ; 1076 ; 1 ; 0;1
1505.2309999999998 ; 226263000 ; 1 ; 0 ; 0 ; 0.0 ; 18.5 ; -4.7443 ; 48.312866666666665 ; 277.0 ; 275 ; 42 ; -1 ; 2255 ; -1 ; -1 ; 0;2
1511.0970000000016 ; 226263000 ; 1 ; 0 ; 0 ; 0.0 ; 18.5 ; -4.745066666666666 ; 48.312916666666666 ; 276.0 ; 275 ; 48 ; -1 ; 2263 ; -1 ; -1 ; 0;1
1517.5510000000068 ; 226263000 ; 1 ; 0 ; 3 ; 0.0 ; 18.5 ; -4.745833333333334 ; 48.312983333333335 ; 276.0 ; 276 ; 54 ; -1 ; -1 ; -1 ; -1 ; 0;2
1523.8430000000008 ; 226263000 ; 1 ; 0 ; 1 ; 0.0 ; 18.399999618530273 ; -4.746833333333333 ; 48.313066666666664 ; 276.0 ; 275 ; 2 ; -1 ; -1 ; -1 ; -1 ; 0;1
1529.2839999999997 ; 226263000 ; 1 ; 0 ; 3 ; 0.0 ; 18.299999237060547 ; -4.747333333333334 ; 48.3131 ; 277.0 ; 275 ; 6 ; -1 ; -1 ; -1 ; -1 ; 0;2
1534.9910000000018 ; 226263000 ; 1 ; 0 ; 5 ; 0.0 ; 18.399999618530273 ; -4.7481 ; 48.31316666666667 ; 277.0 ; 275 ; 12 ; -1 ; -1 ; -1 ; -1 ; 0;1
1541.257000000005 ; 226263000 ; 1 ; 0 ; 0 ; 0.0 ; 18.399999618530273 ; -4.748866666666666 ; 48.313233333333336 ; 277.0 ; 275 ; 18 ; -1 ; 2273 ; -1 ; -1 ; 0;2
1547.310000000005 ; 226263000 ; 1 ; 0 ; 6 ; 0.0 ; 18.299999237060547 ; -4.749633333333334 ; 48.3133 ; 276.0 ; 275 ; 24 ; 1051 ; -1 ; -1 ; -1 ; 0;1
1553.2040000000052 ; 226263000 ; 1 ; 0 ; 0 ; 0.0 ; 18.299999237060547 ; -4.750383333333334 ; 48.31336666666667 ; 276.0 ; 275 ; 30 ; -1 ; 2268 ; -1 ; -1 ; 0;2
1558.9900000000052 ; 226263000 ; 1 ; 0 ; 1 ; 0.0 ; 18.200000762939453 ; -4.751133333333334 ; 48.31341666666667 ; 276.0 ; 275 ; 36 ; -1 ; -1 ; -1 ; -1 ; 0;1
1565.3640000000014 ; 226263000 ; 1 ; 0 ; 3 ; 0.0 ; 18.299999237060547 ; -4.75215 ; 48.313516666666665 ; 277.0 ; 275 ; 44 ; -1 ; -1 ; -1 ; -1 ; 0;2
1571.4440000000031 ; 226263000 ; 1 ; 0 ; 5 ; 0.0 ; 18.299999237060547 ; -4.7529 ; 48.313583333333334 ; 277.0 ; 275 ; 50 ; -1 ; -1 ; -1 ; -1 ; 0;1
1577.5510000000068 ; 226263000 ; 1 ; 0 ; 2 ; 0.0 ; 18.100000381469727 ; -4.754216666666666 ; 48.31368333333333 ; 277.0 ; 275 ; 56 ; 2185 ; -1 ; -1 ; -1 ; 0;2
1583.8440000000046 ; 226263000 ; 1 ; 0 ; 0 ; 0.0 ; 18.200000762939453 ; -4.7553 ; 48.31375 ; 278.0 ; 275 ; 2 ; -1 ; 2219 ; -1 ; -1 ; 0;1
1589.2839999999997 ; 226263000 ; 1 ; 0 ; 2 ; 0.0 ; 18.200000762939453 ; -4.756183333333333 ; 48.3138 ; 277.0 ; 275 ; 8 ; 375 ; -1 ; -1 ; -1 ; 0;2
1594.9910000000018 ; 226263000 ; 1 ; 0 ; 4 ; 0.0 ; 18.200000762939453 ; -4.756733333333333 ; 48.31385 ; 278.0 ; 275 ; 12 ; 589 ; -1 ; -1 ; -1 ; 0;1
1601.8710000000065 ; 226263000 ; 1 ; 0 ; 6 ; 0.0 ; 18.200000762939453 ; -4.757783333333333 ; 48.31395 ; 278.0 ; 274 ; 20 ; 847 ; -1 ; -1 ; -1 ; 0;2
1607.3120000000054 ; 226263000 ; 1 ; 0 ; 5 ; 0.0 ; 18.399999618530273 ; -4.758566666666667 ; 48.314 ; 278.0 ; 275 ; 26 ; -1 ; -1 ; -1 ; -1 ; 0;1
1613.685000000005 ; 226263000 ; 1 ; 0 ; 5 ; 0.0 ; 18.399999618530273 ; -4.759216666666667 ; 48.31405 ; 277.0 ; 275 ; 31 ; -1 ; -1 ; -1 ; -1 ; 0;2
1618.9910000000018 ; 226263000 ; 1 ; 0 ; 0 ; 0.0 ; 18.299999237060547 ; -4.758983333333333 ; 48.3141 ; 278.0 ; 275 ; 37 ; -1 ; 2286 ; -1 ; -1 ; 0;1
1625.3660000000018 ; 226263000 ; 1 ; 0 ; 2 ; 0.0 ; 18.299999237060547 ; -4.759633333333333 ; 48.314166666666665 ; 278.0 ; 274 ; 43 ; 1728 ; -1 ; -1 ; -1 ; 0;2
1631.4449999999997 ; 226263000 ; 1 ; 0 ; 4 ; 0.0 ; 18.399999618530273 ; -4.760366666666667 ; 48.314233333333334 ; 278.0 ; 275 ; 50 ; 1956 ; -1 ; -1 ; -1 ; 0;1
1637.5510000000068 ; 226263000 ; 1 ; 0 ; 1 ; 0.0 ; 18.5 ; -4.761133333333333 ; 48.3143 ; 277.0 ; 275 ; 55 ; -1 ; -1 ; -1 ; -1 ; 0;2
1643.0180000000037 ; 226263000 ; 1 ; 0 ; 7 ; 0.0 ; 18.399999618530273 ; -4.761866666666666 ; 48.314366666666665 ; 277.0 ; 275 ; 2 ; -1 ; -1 ; -1 ; -1 ; 0;1
1649.2850000000035 ; 226263000 ; 1 ; 0 ; 1 ; 0.0 ; 18.299999237060547 ; -4.762616666666666 ; 48.314433333333334 ; 277.0 ; 275 ; 7 ; -1 ; -1 ; -1 ; -1 ; 0;2
1654.9920000000056 ; 226263000 ; 1 ; 0 ; 3 ; 0.0 ; 18.299999237060547 ; -4.763366666666666 ; 48.31451666666667 ; 277.0 ; 275 ; 13 ; -1 ; -1 ; -1 ; -1 ; 0;1
1661.8729999999996 ; 226263000 ; 1 ; 0 ; 5 ; 0.0 ; 18.299999237060547 ; -4.7641333333333336 ; 48.31458333333333 ; 278.0 ; 275 ; 19 ; -1 ; -1 ; -1 ; -1 ; 0;2
1667.3110000000015 ; 226263000 ; 1 ; 0 ; 4 ; 0.0 ; 18.299999237060547 ; -4.7649 ; 48.31465 ; 278.0 ; 275 ; 25 ; 1051 ; -1 ; -1 ; -1 ; 0;1
1673.684000000001 ; 226263000 ; 1 ; 0 ; 4 ; 0.0 ; 18.399999618530273 ; -4.765666666666666 ; 48.31471666666667 ; 277.0 ; 275 ; 31 ; 1290 ; -1 ; -1 ; -1 ; 0;2
1679.9520000000048 ; 226263000 ; 1 ; 0 ; 7 ; 0.0 ; 18.5 ; -4.7664333333333335 ; 48.31478333333333 ; 277.0 ; 275 ; 37 ; -1 ; -1 ; -1 ; -1 ; 0;1
1685.3650000000052 ; 226263000 ; 1 ; 0 ; 1 ; 0.0 ; 18.5 ; -4.7672 ; 48.31485 ; 277.0 ; 278 ; 43 ; -1 ; -1 ; -1 ; -1 ; 0;2
1691.4449999999997 ; 226263000 ; 1 ; 0 ; 3 ; 720.0032348632812 ; 18.5 ; -4.767966666666666 ; 48.31491666666667 ; 277.0 ; 281 ; 49 ; -1 ; -1 ; -1 ; -1 ; 0;1
1691.8450000000012 ; 226263000 ; 3 ; 0 ; -1 ; 720.0032348632812 ; 18.5 ; -4.767966666666666 ; 48.31491666666667 ; 277.0 ; 281 ; 49 ; -1 ; -1 ; 137 ; 0 ; 0;1
1693.7910000000047 ; 226263000 ; 3 ; 0 ; -1 ; 720.0032348632812 ; 18.600000381469727 ; -4.768233333333334 ; 48.31495 ; 278.0 ; 283 ; 51 ; -1 ; -1 ; 281 ; 0 ; 0;2
1695.497000000003 ; 226263000 ; 3 ; 0 ; -1 ; 720.0032348632812 ; 18.5 ; -4.768466666666667 ; 48.31498333333333 ; 278.0 ; 282 ; 53 ; -1 ; -1 ; 148 ; 0 ; 0;1
1697.5510000000068 ; 226263000 ; 1 ; 0 ; 0 ; 720.0032348632812 ; 18.399999618530273 ; -4.768716666666666 ; 48.31503333333333 ; 279.0 ; 283 ; 55 ; -1 ; 2245 ; -1 ; -1 ; 0;2
1699.4460000000036 ; 226263000 ; 3 ; 0 ; -1 ; 720.0032348632812 ; 18.600000381469727 ; -4.768983333333333 ; 48.31506666666667 ; 279.0 ; 282 ; 57 ; -1 ; -1 ; 301 ; 0 ; 0;1
1701.2850000000035 ; 226263000 ; 3 ; 0 ; -1 ; 720.0032348632812 ; 18.399999618530273 ; -4.769216666666667 ; 48.31511666666667 ; 280.0 ; 282 ; 59 ; -1 ; -1 ; 151 ; 0 ; 0;2
1703.0190000000002 ; 226263000 ; 1 ; 0 ; 6 ; 720.0032348632812 ; 18.399999618530273 ; -4.769333333333333 ; 48.31515 ; 281.0 ; 282 ; 1 ; 140 ; -1 ; -1 ; -1 ; 0;1
1705.3120000000054 ; 226263000 ; 3 ; 0 ; -1 ; 720.0032348632812 ; 18.5 ; -4.769716666666667 ; 48.3152 ; 282.0 ; 282 ; 3 ; -1 ; -1 ; 309 ; 0 ; 0;2
1707.471000000005 ; 226263000 ; 3 ; 0 ; -1 ; 720.0032348632812 ; 18.5 ; -4.769966666666667 ; 48.31525 ; 282.0 ; 281 ; 5 ; -1 ; -1 ; 149 ; 0 ; 0;1
1709.2850000000035 ; 226263000 ; 1 ; 0 ; 0 ; 720.0032348632812 ; 18.5 ; -4.770216666666666 ; 48.31528333333333 ; 283.0 ; 280 ; 7 ; -1 ; 2247 ; -1 ; -1 ; 0;2
1711.4449999999997 ; 226263000 ; 3 ; 0 ; -1 ; 0.0 ; 18.600000381469727 ; -4.770483333333333 ; 48.315333333333335 ; 283.0 ; 280 ; 9 ; -1 ; -1 ; 293 ; 0 ; 0;1
1713.5510000000068 ; 226263000 ; 3 ; 0 ; -1 ; 0.0 ; 18.600000381469727 ; -4.770733333333333 ; 48.31536666666667 ; 283.0 ; 280 ; 11 ; -1 ; -1 ; 146 ; 0 ; 0;2
1714.9920000000056 ; 226263000 ; 1 ; 0 ; 2 ; 0.0 ; 18.600000381469727 ; -4.770983333333334 ; 48.315416666666664 ; 283.0 ; 281 ; 13 ; 589 ; -1 ; -1 ; -1 ; 0;1
1717.4449999999997 ; 226263000 ; 3 ; 0 ; -1 ; 0.0 ; 18.700000762939453 ; -4.77125 ; 48.31545 ; 283.0 ; 280 ; 15 ; -1 ; -1 ; 302 ; 0 ; 0;2
1719.2590000000055 ; 226263000 ; 3 ; 0 ; -1 ; 0.0 ; 18.700000762939453 ; -4.7715 ; 48.31548333333333 ; 282.0 ; 280 ; 17 ; -1 ; -1 ; 0 ; 0 ; 0;1
1721.872000000003 ; 226263000 ; 1 ; 0 ; 4 ; 0.0 ; 18.700000762939453 ; -4.771766666666666 ; 48.31551666666667 ; 282.0 ; 280 ; 18 ; 847 ; -1 ; -1 ; -1 ; 0;2
1725.4990000000034 ; 226263000 ; 3 ; 0 ; -1 ; 0.0 ; 18.700000762939453 ; -4.772266666666667 ; 48.315583333333336 ; 282.0 ; 281 ; 23 ; -1 ; -1 ; 0 ; 0 ; 0;2
1727.3120000000054 ; 226263000 ; 1 ; 0 ; 3 ; 0.0 ; 18.799999237060547 ; -4.7725333333333335 ; 48.31561666666666 ; 282.0 ; 281 ; 25 ; -1 ; -1 ; -1 ; -1 ; 0;1
1733.685000000005 ; 226263000 ; 1 ; 0 ; 3 ; 0.0 ; 18.700000762939453 ; -4.7732833333333335 ; 48.315733333333334 ; 281.0 ; 281 ; 31 ; -1 ; -1 ; -1 ; -1 ; 0;2
1739.9520000000048 ; 226263000 ; 1 ; 0 ; 6 ; 0.0 ; 18.799999237060547 ; -4.774066666666666 ; 48.31583333333333 ; 281.0 ; 281 ; 37 ; 1525 ; -1 ; -1 ; -1 ; 0;1
1751.4460000000036 ; 226263000 ; 1 ; 0 ; 2 ; 0.0 ; 18.600000381469727 ; -4.77545 ; 48.31603333333333 ; 281.0 ; 285 ; 48 ; 1956 ; -1 ; -1 ; -1 ; 0;1
1757.4200000000055 ; 226263000 ; 1 ; 0 ; 3 ; 720.0032348632812 ; 18.600000381469727 ; -4.7762166666666666 ; 48.31613333333333 ; 281.0 ; 287 ; 54 ; -1 ; -1 ; -1 ; -1 ; 0;2
1760.9920000000056 ; 226263000 ; 3 ; 0 ; -1 ; 720.0032348632812 ; 18.5 ; -4.7767 ; 48.31621666666667 ; 283.0 ; 290 ; 58 ; -1 ; -1 ; 246 ; 0 ; 0;1
1761.4460000000036 ; 226263000 ; 3 ; 0 ; -1 ; 720.0032348632812 ; 18.5 ; -4.7767 ; 48.31621666666667 ; 283.0 ; 291 ; 58 ; -1 ; -1 ; 147 ; 0 ; 0;2
1763.0180000000037 ; 226263000 ; 1 ; 0 ; 5 ; 720.0032348632812 ; 18.5 ; -4.77695 ; 48.316266666666664 ; 283.0 ; 292 ; 1 ; -1 ; -1 ; -1 ; -1 ; 0;1
1765.3660000000018 ; 226263000 ; 3 ; 0 ; -1 ; 720.0032348632812 ; 18.399999618530273 ; -4.777183333333333 ; 48.31633333333333 ; 284.0 ; 294 ; 2 ; -1 ; -1 ; 306 ; 0 ; 0;2
1767.5520000000033 ; 226263000 ; 3 ; 0 ; -1 ; 720.0032348632812 ; 18.299999237060547 ; -4.777416666666666 ; 48.316383333333334 ; 285.0 ; 295 ; 4 ; -1 ; -1 ; 140 ; 0 ; 0;1
1769.2060000000056 ; 226263000 ; 1 ; 0 ; 3 ; 720.0032348632812 ; 18.299999237060547 ; -4.777666666666667 ; 48.31641666666667 ; 285.0 ; 297 ; 6 ; -1 ; -1 ; -1 ; -1 ; 0;2
1771.286 ; 226263000 ; 3 ; 0 ; -1 ; 720.0032348632812 ; 18.299999237060547 ; -4.7779 ; 48.31648333333333 ; 286.0 ; 298 ; 8 ; -1 ; -1 ; 304 ; 0 ; 0;1
1773.524000000005 ; 226263000 ; 3 ; 0 ; -1 ; 720.0032348632812 ; 18.299999237060547 ; -4.778133333333333 ; 48.31655 ; 287.0 ; 299 ; 10 ; -1 ; -1 ; 150 ; 0 ; 0;2
1774.9920000000056 ; 226263000 ; 1 ; 0 ; 1 ; 720.0032348632812 ; 18.200000762939453 ; -4.77835 ; 48.316633333333336 ; 289.0 ; 299 ; 12 ; -1 ; -1 ; -1 ; -1 ; 0;1
1777.5250000000015 ; 226263000 ; 3 ; 0 ; -1 ; 720.0032348632812 ; 18.200000762939453 ; -4.778583333333334 ; 48.316716666666665 ; 291.0 ; 298 ; 14 ; -1 ; -1 ; 293 ; 0 ; 0;2
1779.3919999999998 ; 226263000 ; 3 ; 0 ; -1 ; 720.0032348632812 ; 18.200000762939453 ; -4.7788 ; 48.3168 ; 292.0 ; 298 ; 16 ; -1 ; -1 ; 152 ; 0 ; 0;1
1781.8729999999996 ; 226263000 ; 1 ; 0 ; 3 ; 720.0032348632812 ; 18.299999237060547 ; -4.77925 ; 48.316966666666666 ; 294.0 ; 297 ; 20 ; -1 ; -1 ; -1 ; -1 ; 0;2
1783.4449999999997 ; 226263000 ; 3 ; 0 ; -1 ; 720.0032348632812 ; 18.299999237060547 ; -4.77925 ; 48.316966666666666 ; 294.0 ; 297 ; 20 ; -1 ; -1 ; 298 ; 0 ; 0;1
1785.339 ; 226263000 ; 3 ; 0 ; -1 ; 720.0032348632812 ; 18.299999237060547 ; -4.779466666666667 ; 48.31705 ; 295.0 ; 297 ; 22 ; -1 ; -1 ; 155 ; 0 ; 0;2
1787.313000000002 ; 226263000 ; 1 ; 0 ; 2 ; 720.0032348632812 ; 18.399999618530273 ; -4.7797 ; 48.31713333333333 ; 296.0 ; 296 ; 24 ; 1051 ; -1 ; -1 ; -1 ; 0;1
1789.471000000005 ; 226263000 ; 3 ; 0 ; -1 ; 720.0032348632812 ; 18.299999237060547 ; -4.779933333333333 ; 48.31721666666667 ; 296.0 ; 296 ; 26 ; -1 ; -1 ; 292 ; 0 ; 0;2
1791.3919999999998 ; 226263000 ; 3 ; 0 ; -1 ; 0.0 ; 18.399999618530273 ; -4.78015 ; 48.3173 ; 296.0 ; 296 ; 28 ; -1 ; -1 ; 148 ; 0 ; 0;1
1793.685000000005 ; 226263000 ; 1 ; 0 ; 2 ; 0.0 ; 18.299999237060547 ; -4.780616666666667 ; 48.317433333333334 ; 296.0 ; 297 ; 32 ; 1290 ; -1 ; -1 ; -1 ; 0;2
1795.339 ; 226263000 ; 3 ; 0 ; -1 ; 0.0 ; 18.299999237060547 ; -4.780616666666667 ; 48.317433333333334 ; 296.0 ; 297 ; 32 ; -1 ; -1 ; 297 ; 0 ; 0;1
1797.2580000000016 ; 226263000 ; 3 ; 0 ; -1 ; 0.0 ; 18.299999237060547 ; -4.780833333333334 ; 48.31751666666667 ; 296.0 ; 297 ; 34 ; -1 ; -1 ; 159 ; 0 ; 0;2
1799.9520000000048 ; 226263000 ; 1 ; 0 ; 5 ; 0.0 ; 18.299999237060547 ; -4.7813 ; 48.31766666666667 ; 295.0 ; 299 ; 38 ; -1 ; -1 ; -1 ; -1 ; 0;1
1801.4979999999996 ; 226263000 ; 3 ; 0 ; -1 ; 0.0 ; 18.299999237060547 ; -4.7813 ; 48.31766666666667 ; 295.0 ; 299 ; 38 ; -1 ; -1 ; 0 ; 0 ; 0;2
1803.2590000000055 ; 226263000 ; 3 ; 0 ; -1 ; 0.0 ; 18.200000762939453 ; -4.781516666666667 ; 48.31773333333334 ; 295.0 ; 300 ; 40 ; -1 ; -1 ; 0 ; 0 ; 0;1
1805.2580000000016 ; 226263000 ; 1 ; 0 ; 4 ; 0.0 ; 18.100000381469727 ; -4.78175 ; 48.31778333333333 ; 294.0 ; 301 ; 42 ; 1724 ; -1 ; -1 ; -1 ; 0;2
1811.4460000000036 ; 226263000 ; 1 ; 0 ; 1 ; 720.0032348632812 ; 17.899999618530273 ; -4.7824 ; 48.318 ; 295.0 ; 304 ; 48 ; -1 ; -1 ; -1 ; -1 ; 0;1
1813.658000000003 ; 226263000 ; 3 ; 0 ; -1 ; 720.0032348632812 ; 17.799999237060547 ; -4.7828333333333335 ; 48.31816666666667 ; 296.0 ; 306 ; 52 ; -1 ; -1 ; 293 ; 0 ; 0;2
1815.658000000003 ; 226263000 ; 3 ; 0 ; -1 ; 720.0032348632812 ; 17.700000762939453 ; -4.783066666666667 ; 48.31823333333333 ; 296.0 ; 306 ; 54 ; -1 ; -1 ; 146 ; 0 ; 0;1
1817.4190000000017 ; 226263000 ; 1 ; 0 ; 2 ; 720.0032348632812 ; 17.700000762939453 ; -4.783066666666667 ; 48.31823333333333 ; 296.0 ; 307 ; 54 ; 2180 ; -1 ; -1 ; -1 ; 0;2
1819.5520000000033 ; 226263000 ; 3 ; 0 ; -1 ; 720.0032348632812 ; 17.700000762939453 ; -4.783483333333334 ; 48.31838333333334 ; 296.0 ; 308 ; 58 ; -1 ; -1 ; 296 ; 0 ; 0;1
1821.4720000000016 ; 226263000 ; 3 ; 0 ; -1 ; 720.0032348632812 ; 17.600000381469727 ; -4.783683333333333 ; 48.31848333333333 ; 298.0 ; 309 ; 1 ; -1 ; -1 ; 154 ; 0 ; 0;2
1823.020000000004 ; 226263000 ; 1 ; 0 ; 4 ; 720.0032348632812 ; 17.600000381469727 ; -4.783683333333333 ; 48.31848333333333 ; 298.0 ; 311 ; 1 ; 140 ; -1 ; -1 ; -1 ; 0;1
1825.5780000000013 ; 226263000 ; 3 ; 0 ; -1 ; 720.0032348632812 ; 17.399999618530273 ; -4.784083333333333 ; 48.318666666666665 ; 300.0 ; 313 ; 4 ; -1 ; -1 ; 299 ; 0 ; 0;2
1827.4449999999997 ; 226263000 ; 3 ; 0 ; -1 ; 720.0032348632812 ; 17.200000762939453 ; -4.7842666666666664 ; 48.31875 ; 301.0 ; 315 ; 6 ; -1 ; -1 ; 146 ; 0 ; 0;1
1829.2060000000056 ; 226263000 ; 1 ; 0 ; 2 ; 720.0032348632812 ; 17.200000762939453 ; -4.7842666666666664 ; 48.31875 ; 301.0 ; 316 ; 6 ; 372 ; -1 ; -1 ; -1 ; 0;2
1831.3400000000038 ; 226263000 ; 3 ; 0 ; -1 ; 720.0032348632812 ; 17.200000762939453 ; -4.784466666666667 ; 48.31883333333333 ; 301.0 ; 319 ; 8 ; -1 ; -1 ; 297 ; 0 ; 0;1
1833.5520000000033 ; 226263000 ; 3 ; 0 ; -1 ; 720.0032348632812 ; 16.899999618530273 ; -4.784816666666667 ; 48.31901666666667 ; 303.0 ; 324 ; 12 ; -1 ; -1 ; 141 ; 0 ; 0;2
1834.9920000000056 ; 226263000 ; 1 ; 0 ; 0 ; 720.0032348632812 ; 16.899999618530273 ; -4.784816666666667 ; 48.31901666666667 ; 303.0 ; 325 ; 12 ; -1 ; 2263 ; -1 ; -1 ; 0;1
1837.313000000002 ; 226263000 ; 3 ; 0 ; -1 ; 720.0032348632812 ; 16.799999237060547 ; -4.784983333333333 ; 48.31913333333333 ; 304.0 ; 327 ; 14 ; -1 ; -1 ; 304 ; 0 ; 0;2
1839.2590000000055 ; 226263000 ; 3 ; 0 ; -1 ; 720.0032348632812 ; 16.600000381469727 ; -4.7851333333333335 ; 48.31923333333334 ; 306.0 ; 327 ; 16 ; -1 ; -1 ; 155 ; 0 ; 0;1
1841.872000000003 ; 226263000 ; 3 ; 0 ; -1 ; 720.0032348632812 ; 16.200000762939453 ; -4.785416666666666 ; 48.31946666666666 ; 311.0 ; 326 ; 20 ; -1 ; -1 ; 1742 ; 1 ; 0;2
1843.3919999999998 ; 226263000 ; 3 ; 0 ; -1 ; 720.0032348632812 ; 16.200000762939453 ; -4.78555 ; 48.319583333333334 ; 312.0 ; 325 ; 22 ; -1 ; -1 ; 308 ; 0 ; 0;1
1845.4190000000017 ; 226263000 ; 3 ; 0 ; -1 ; 720.0032348632812 ; 16.200000762939453 ; -4.7857 ; 48.3197 ; 314.0 ; 324 ; 24 ; -1 ; -1 ; 146 ; 0 ; 0;2
1847.3120000000054 ; 226263000 ; 1 ; 0 ; 1 ; 720.0032348632812 ; 16.299999237060547 ; -4.7858 ; 48.31985 ; 317.0 ; 326 ; 26 ; -1 ; -1 ; -1 ; -1 ; 0;1
1849.313000000002 ; 226263000 ; 3 ; 0 ; -1 ; 720.0032348632812 ; 16.200000762939453 ; -4.785933333333333 ; 48.319966666666666 ; 319.0 ; 326 ; 28 ; -1 ; -1 ; 310 ; 0 ; 0;2
1851.6050000000032 ; 226263000 ; 3 ; 0 ; -1 ; 720.0032348632812 ; 16.299999237060547 ; -4.786083333333333 ; 48.320083333333336 ; 319.0 ; 325 ; 30 ; -1 ; -1 ; 149 ; 0 ; 0;1
1853.6860000000015 ; 226263000 ; 1 ; 0 ; 1 ; 720.0032348632812 ; 16.399999618530273 ; -4.78625 ; 48.3202 ; 318.0 ; 325 ; 32 ; -1 ; -1 ; -1 ; -1 ; 0;2
1855.5780000000013 ; 226263000 ; 3 ; 0 ; -1 ; 720.0032348632812 ; 16.399999618530273 ; -4.786366666666667 ; 48.32033333333333 ; 319.0 ; 326 ; 34 ; -1 ; -1 ; 298 ; 0 ; 0;1
1857.5790000000052 ; 226263000 ; 3 ; 0 ; -1 ; 720.0032348632812 ; 16.200000762939453 ; -4.786483333333333 ; 48.32045 ; 320.0 ; 326 ; 36 ; -1 ; -1 ; 138 ; 0 ; 0;2
1859.9520000000048 ; 226263000 ; 1 ; 0 ; 4 ; 720.0032348632812 ; 16.200000762939453 ; -4.7866333333333335 ; 48.320566666666664 ; 321.0 ; 327 ; 38 ; 1525 ; -1 ; -1 ; -1 ; 0;1
1861.2580000000016 ; 226263000 ; 3 ; 0 ; -1 ; 720.0032348632812 ; 16.200000762939453 ; -4.786783333333333 ; 48.320683333333335 ; 320.0 ; 327 ; 39 ; -1 ; -1 ; 301 ; 0 ; 0;2
1863.5260000000053 ; 226263000 ; 3 ; 0 ; -1 ; 0.0 ; 16.200000762939453 ; -4.7869 ; 48.3208 ; 321.0 ; 328 ; 42 ; -1 ; -1 ; 145 ; 0 ; 0;1
1865.2580000000016 ; 226263000 ; 1 ; 0 ; 3 ; 0.0 ; 16.100000381469727 ; -4.78705 ; 48.32091666666667 ; 321.0 ; 327 ; 44 ; -1 ; -1 ; -1 ; -1 ; 0;2
1867.3919999999998 ; 226263000 ; 3 ; 0 ; -1 ; 0.0 ; 16.100000381469727 ; -4.787183333333333 ; 48.32103333333333 ; 321.0 ; 327 ; 46 ; -1 ; -1 ; 301 ; 0 ; 0;1
1869.2850000000035 ; 226263000 ; 3 ; 0 ; -1 ; 0.0 ; 16.100000381469727 ; -4.787316666666666 ; 48.32115 ; 321.0 ; 327 ; 48 ; -1 ; -1 ; 161 ; 0 ; 0;2
1871.4449999999997 ; 226263000 ; 1 ; 0 ; 0 ; 0.0 ; 16.0 ; -4.787433333333333 ; 48.321283333333334 ; 322.0 ; 327 ; 50 ; -1 ; 2229 ; -1 ; -1 ; 0;1
1873.5780000000013 ; 226263000 ; 3 ; 0 ; -1 ; 0.0 ; 16.100000381469727 ; -4.787566666666667 ; 48.3214 ; 322.0 ; 328 ; 52 ; -1 ; -1 ; 0 ; 0 ; 0;2
1875.4180000000051 ; 226263000 ; 3 ; 0 ; -1 ; 0.0 ; 16.100000381469727 ; -4.7877 ; 48.32151666666667 ; 323.0 ; 327 ; 54 ; -1 ; -1 ; 0 ; 0 ; 0;1
1877.4180000000051 ; 226263000 ; 1 ; 0 ; 1 ; 0.0 ; 16.0 ; -4.78785 ; 48.32163333333333 ; 322.0 ; 326 ; 56 ; -1 ; -1 ; -1 ; -1 ; 0;2
1883.0180000000037 ; 226263000 ; 1 ; 0 ; 3 ; 0.0 ; 16.100000381469727 ; -4.788233333333333 ; 48.322 ; 323.0 ; 329 ; 2 ; -1 ; -1 ; -1 ; -1 ; 0;1
1889.2060000000056 ; 226263000 ; 1 ; 0 ; 1 ; 0.0 ; 15.899999618530273 ; -4.788583333333333 ; 48.32228333333333 ; 322.0 ; 329 ; 7 ; -1 ; -1 ; -1 ; -1 ; 0;2
1895.339 ; 226263000 ; 1 ; 0 ; 4 ; 0.0 ; 15.800000190734863 ; -4.78895 ; 48.322633333333336 ; 323.0 ; 330 ; 13 ; 602 ; -1 ; -1 ; -1 ; 0;1
1901.8729999999996 ; 226263000 ; 1 ; 0 ; 1 ; 0.0 ; 15.600000381469727 ; -4.789316666666667 ; 48.323 ; 324.0 ; 331 ; 19 ; -1 ; -1 ; -1 ; -1 ; 0;2
1907.3120000000054 ; 226263000 ; 1 ; 0 ; 0 ; 0.0 ; 15.300000190734863 ; -4.78965 ; 48.32333333333333 ; 325.0 ; 329 ; 26 ; -1 ; 2233 ; -1 ; -1 ; 0;1
1913.6860000000015 ; 226263000 ; 1 ; 0 ; 0 ; 0.0 ; 15.399999618530273 ; -4.79 ; 48.3237 ; 326.0 ; 330 ; 31 ; -1 ; 2257 ; -1 ; -1 ; 0;2
1919.9530000000013 ; 226263000 ; 1 ; 0 ; 3 ; 0.0 ; 15.300000190734863 ; -4.790366666666666 ; 48.32405 ; 325.0 ; 329 ; 37 ; -1 ; -1 ; -1 ; -1 ; 0;1
1925.2590000000055 ; 226263000 ; 1 ; 0 ; 2 ; 0.0 ; 15.100000381469727 ; -4.7907 ; 48.3244 ; 326.0 ; 330 ; 43 ; 1724 ; -1 ; -1 ; -1 ; 0;2
1930.885000000002 ; 226263000 ; 1 ; 0 ; 4 ; 0.0 ; 15.0 ; -4.79105 ; 48.324733333333334 ; 325.0 ; 327 ; 49 ; 1935 ; -1 ; -1 ; -1 ; 0;1
1937.4190000000017 ; 226263000 ; 1 ; 0 ; 0 ; 0.0 ; 15.100000381469727 ; -4.791433333333333 ; 48.325066666666665 ; 324.0 ; 328 ; 55 ; -1 ; 2255 ; -1 ; -1 ; 0;2
1943.0190000000002 ; 226263000 ; 1 ; 0 ; 2 ; 0.0 ; 15.199999809265137 ; -4.791816666666667 ; 48.32541666666667 ; 324.0 ; 329 ; 1 ; 140 ; -1 ; -1 ; -1 ; 0;1
1955.3380000000034 ; 226263000 ; 1 ; 0 ; 3 ; 0.0 ; 14.699999809265137 ; -4.7925 ; 48.32608333333334 ; 325.0 ; 329 ; 13 ; -1 ; -1 ; -1 ; -1 ; 0;1
1979.9520000000048 ; 226263000 ; 1 ; 0 ; 2 ; 0.0 ; 14.5 ; -4.793866666666666 ; 48.3274 ; 325.0 ; 331 ; 37 ; 1525 ; -1 ; -1 ; -1 ; 0;1
1985.2580000000016 ; 226263000 ; 1 ; 0 ; 1 ; 0.0 ; 14.399999618530273 ; -4.794216666666666 ; 48.32771666666667 ; 324.0 ; 331 ; 43 ; -1 ; -1 ; -1 ; -1 ; 0;2
1990.885000000002 ; 226263000 ; 1 ; 0 ; 3 ; 0.0 ; 14.399999618530273 ; -4.794533333333334 ; 48.328066666666665 ; 326.0 ; 329 ; 49 ; -1 ; -1 ; -1 ; -1 ; 0;1
2003.0190000000002 ; 226263000 ; 1 ; 0 ; 1 ; 0.0 ; 14.600000381469727 ; -4.795183333333333 ; 48.32868333333333 ; 325.0 ; 328 ; 1 ; -1 ; -1 ; -1 ; -1 ; 0;1
2021.6330000000016 ; 226263000 ; 1 ; 0 ; 3 ; 0.0 ; 14.699999809265137 ; -4.796283333333333 ; 48.329766666666664 ; 325.0 ; 328 ; 19 ; -1 ; -1 ; -1 ; -1 ; 0;2
2026.859000000004 ; 226263000 ; 1 ; 0 ; 4 ; 0.0 ; 15.0 ; -4.796566666666667 ; 48.330083333333334 ; 326.0 ; 330 ; 24 ; 1034 ; -1 ; -1 ; -1 ; 0;1
2039.9520000000048 ; 226263000 ; 1 ; 0 ; 1 ; 0.0 ; 14.899999618530273 ; -4.797366666666667 ; 48.33088333333333 ; 326.0 ; 329 ; 39 ; -1 ; -1 ; -1 ; -1 ; 0;1
2045.2590000000055 ; 226263000 ; 1 ; 0 ; 0 ; 0.0 ; 14.899999618530273 ; -4.797616666666666 ; 48.33111666666667 ; 326.0 ; 330 ; 42 ; -1 ; 2275 ; -1 ; -1 ; 0;2
2050.886000000006 ; 226263000 ; 1 ; 0 ; 2 ; 0.0 ; 14.899999618530273 ; -4.7979666666666665 ; 48.331466666666664 ; 326.0 ; 329 ; 48 ; 1935 ; -1 ; -1 ; -1 ; 0;1
2063.0190000000002 ; 226263000 ; 1 ; 0 ; 0 ; 0.0 ; 15.0 ; -4.798633333333333 ; 48.332166666666666 ; 326.0 ; 325 ; 1 ; -1 ; 2272 ; -1 ; -1 ; 0;1
2069.3650000000052 ; 226263000 ; 1 ; 0 ; 6 ; 0.0 ; 15.199999809265137 ; -4.799 ; 48.33253333333333 ; 326.0 ; 328 ; 6 ; 378 ; -1 ; -1 ; -1 ; 0;2
2075.339 ; 226263000 ; 1 ; 0 ; 1 ; 0.0 ; 14.899999618530273 ; -4.799366666666667 ; 48.33285 ; 324.0 ; 329 ; 12 ; -1 ; -1 ; -1 ; -1 ; 0;1
2086.859000000004 ; 226263000 ; 1 ; 0 ; 3 ; 0.0 ; 14.800000190734863 ; -4.80005 ; 48.333533333333335 ; 326.0 ; 328 ; 24 ; -1 ; -1 ; -1 ; -1 ; 0;1
2099.952000000005 ; 226263000 ; 1 ; 0 ; 0 ; 0.0 ; 14.699999809265137 ; -4.80085 ; 48.33433333333333 ; 326.0 ; 331 ; 38 ; -1 ; 2238 ; -1 ; -1 ; 0;1
2110.8870000000024 ; 226263000 ; 1 ; 0 ; 1 ; 0.0 ; 14.5 ; -4.801366666666667 ; 48.3349 ; 327.0 ; 327 ; 48 ; -1 ; -1 ; -1 ; -1 ; 0;1
2123.605000000003 ; 226263000 ; 1 ; 0 ; 5 ; 0.0 ; 14.800000190734863 ; -4.802216666666666 ; 48.335683333333336 ; 324.0 ; 328 ; 2 ; -1 ; -1 ; -1 ; -1 ; 0;1
2129.366000000002 ; 226263000 ; 1 ; 0 ; 5 ; 0.0 ; 14.699999809265137 ; -4.802566666666666 ; 48.336016666666666 ; 324.0 ; 330 ; 8 ; -1 ; -1 ; -1 ; -1 ; 0;2
2135.339 ; 226263000 ; 1 ; 0 ; 0 ; 0.0 ; 14.399999618530273 ; -4.802883333333333 ; 48.33635 ; 325.0 ; 330 ; 14 ; -1 ; 2241 ; -1 ; -1 ; 0;1
2146.859000000004 ; 226263000 ; 1 ; 0 ; 2 ; 720.0032348632812 ; 14.300000190734863 ; -4.803416666666666 ; 48.3369 ; 326.0 ; 331 ; 24 ; 1034 ; -1 ; -1 ; -1 ; 0;1
2159.632000000005 ; 226263000 ; 1 ; 0 ; 4 ; 0.0 ; 14.300000190734863 ; -4.80415 ; 48.3377 ; 327.0 ; 328 ; 38 ; 1513 ; -1 ; -1 ; -1 ; 0;1
2170.8870000000024 ; 226263000 ; 1 ; 0 ; 0 ; 0.0 ; 14.100000381469727 ; -4.80465 ; 48.338166666666666 ; 326.0 ; 328 ; 47 ; -1 ; 2272 ; -1 ; -1 ; 0;1
2177.5520000000033 ; 226263000 ; 1 ; 0 ; 3 ; 0.0 ; 14.199999809265137 ; -4.8051 ; 48.3386 ; 325.0 ; 328 ; 55 ; -1 ; -1 ; -1 ; -1 ; 0;2
2183.6059999999998 ; 226263000 ; 1 ; 0 ; 4 ; 0.0 ; 14.300000190734863 ; -4.805433333333333 ; 48.33893333333334 ; 325.0 ; 329 ; 2 ; 162 ; -1 ; -1 ; -1 ; 0;1
2189.366000000002 ; 226263000 ; 1 ; 0 ; 4 ; 0.0 ; 14.300000190734863 ; -4.805783333333333 ; 48.33926666666667 ; 325.0 ; 331 ; 7 ; 378 ; -1 ; -1 ; -1 ; 0;2
2243.6059999999998 ; 226263000 ; 1 ; 0 ; 3 ; 0.0 ; 14.800000190734863 ; -4.80885 ; 48.34223333333333 ; 322.0 ; 328 ; 1 ; -1 ; -1 ; -1 ; -1 ; 0;1
2255.100000000006 ; 226263000 ; 1 ; 0 ; 3 ; 0.0 ; 14.699999809265137 ; -4.80965 ; 48.34295 ; 323.0 ; 327 ; 13 ; -1 ; -1 ; -1 ; -1 ; 0;1
2261.6330000000016 ; 226263000 ; 1 ; 0 ; 3 ; 0.0 ; 14.699999809265137 ; -4.810016666666667 ; 48.34328333333333 ; 323.0 ; 328 ; 19 ; -1 ; -1 ; -1 ; -1 ; 0;2
2270.6200000000026 ; 226263000 ; 3 ; 0 ; -1 ; 720.0032348632812 ; 14.600000381469727 ; -4.810583333333334 ; 48.34385 ; 323.0 ; 338 ; 29 ; -1 ; -1 ; 179 ; 0 ; 0;1
2287.4979999999996 ; 226263000 ; 3 ; 0 ; -1 ; 720.0032348632812 ; 14.0 ; -4.811166666666667 ; 48.34481666666667 ; 335.0 ; 347 ; 45 ; -1 ; -1 ; 301 ; 0 ; 0;1
2343.5 ; 226263000 ; 3 ; 0 ; -1 ; -720.0032348632812 ; 13.600000381469727 ; -4.811633333333333 ; 48.34823333333333 ; 357.0 ; 351 ; 40 ; -1 ; -1 ; 0 ; 0 ; 0;1
2503.3410000000003 ; 226263000 ; 3 ; 0 ; -1 ; 720.0032348632812 ; 14.5 ; -4.813583333333334 ; 48.358866666666664 ; 1.0 ; 5 ; 21 ; -1 ; -1 ; 309 ; 0 ; 0;1
2506.8880000000063 ; 226263000 ; 1 ; 0 ; 0 ; 720.0032348632812 ; 14.5 ; -4.81355 ; 48.35913333333333 ; 2.0 ; 6 ; 25 ; -1 ; 2285 ; -1 ; -1 ; 0;1
2511.5810000000056 ; 226263000 ; 3 ; 0 ; -1 ; 720.0032348632812 ; 14.5 ; -4.8135 ; 48.3594 ; 3.0 ; 6 ; 29 ; -1 ; -1 ; 151 ; 0 ; 0;1
2515.6070000000036 ; 226263000 ; 3 ; 0 ; -1 ; 720.0032348632812 ; 14.5 ; -4.813433333333333 ; 48.35966666666667 ; 5.0 ; 7 ; 33 ; -1 ; -1 ; 296 ; 0 ; 0;1
2615.208000000006 ; 226263000 ; 1 ; 0 ; 5 ; 0.0 ; 15.0 ; -4.8115 ; 48.36626666666667 ; 10.0 ; 8 ; 12 ; -1 ; -1 ; -1 ; -1 ; 0;1
2621.6070000000036 ; 226263000 ; 1 ; 0 ; 1 ; 0.0 ; 15.100000381469727 ; -4.811366666666666 ; 48.366683333333334 ; 10.0 ; 8 ; 18 ; -1 ; -1 ; -1 ; -1 ; 0;2
2627.8199999999997 ; 226263000 ; 1 ; 0 ; 5 ; 0.0 ; 15.300000190734863 ; -4.8112 ; 48.36723333333333 ; 10.0 ; 8 ; 26 ; -1 ; -1 ; -1 ; -1 ; 0;1
2639.0750000000044 ; 226263000 ; 1 ; 0 ; 2 ; 0.0 ; 15.399999618530273 ; -4.811016666666666 ; 48.36795 ; 10.0 ; 9 ; 36 ; 1492 ; -1 ; -1 ; -1 ; 0;1
2663.954000000005 ; 226263000 ; 1 ; 0 ; 1 ; 0.0 ; 15.5 ; -4.810466666666667 ; 48.3698 ; 10.0 ; 9 ; 2 ; -1 ; -1 ; -1 ; -1 ; 0;1
2675.208000000006 ; 226263000 ; 1 ; 0 ; 4 ; 0.0 ; 15.600000381469727 ; -4.810233333333334 ; 48.3705 ; 11.0 ; 8 ; 12 ; 597 ; -1 ; -1 ; -1 ; 0;1
2801.688000000002 ; 228381900 ; 1 ; 0 ; 1 ; 0.0 ; 12.100000381469727 ; -4.559566666666667 ; 48.34126666666667 ; 235.0 ; 235 ; 19 ; -1 ; -1 ; -1 ; -1 ; 0;1
2810.941000000006 ; 228381900 ; 1 ; 0 ; 5 ; 0.0 ; 12.0 ; -4.560133333333333 ; 48.34101666666667 ; 235.0 ; 236 ; 28 ; -1 ; -1 ; -1 ; -1 ; 0;2
2820.408000000003 ; 228381900 ; 1 ; 0 ; 1 ; 0.0 ; 12.100000381469727 ; -4.560883333333333 ; 48.340666666666664 ; 235.0 ; 235 ; 38 ; -1 ; -1 ; -1 ; -1 ; 0;1
2832.1150000000052 ; 228381900 ; 1 ; 0 ; 2 ; 0.0 ; 12.0 ; -4.561633333333333 ; 48.3403 ; 234.0 ; 235 ; 50 ; 1981 ; -1 ; -1 ; -1 ; 0;2
2840.6200000000026 ; 228381900 ; 1 ; 0 ; 4 ; 0.0 ; 12.100000381469727 ; -4.562116666666666 ; 48.340066666666665 ; 234.0 ; 236 ; 57 ; 50 ; -1 ; -1 ; -1 ; 0;1
2850.5410000000047 ; 228381900 ; 1 ; 0 ; 3 ; 0.0 ; 12.100000381469727 ; -4.5628 ; 48.33975 ; 234.0 ; 235 ; 6 ; -1 ; -1 ; -1 ; -1 ; 0;2
2861.688000000002 ; 228381900 ; 1 ; 0 ; 0 ; 0.0 ; 12.199999809265137 ; -4.563633333333334 ; 48.33936666666666 ; 234.0 ; 235 ; 18 ; -1 ; 2265 ; -1 ; -1 ; 0;1
2870.941000000006 ; 228381900 ; 1 ; 0 ; 4 ; 0.0 ; 12.199999809265137 ; -4.564333333333333 ; 48.33903333333333 ; 234.0 ; 236 ; 28 ; 1187 ; -1 ; -1 ; -1 ; 0;2
2880.4070000000065 ; 228381900 ; 1 ; 0 ; 0 ; 0.0 ; 12.199999809265137 ; -4.565033333333333 ; 48.33871666666667 ; 235.0 ; 235 ; 38 ; -1 ; 2300 ; -1 ; -1 ; 0;1
2891.928 ; 226263000 ; 1 ; 0 ; 5 ; -720.0032348632812 ; 16.600000381469727 ; -4.813266666666666 ; 48.386183333333335 ; 316.0 ; 315 ; 50 ; -1 ; -1 ; -1 ; -1 ; 0;1
2892.1140000000014 ; 228381900 ; 1 ; 0 ; 1 ; 0.0 ; 12.199999809265137 ; -4.565666666666667 ; 48.33841666666667 ; 235.0 ; 236 ; 48 ; -1 ; -1 ; -1 ; -1 ; 0;2
2900.6210000000065 ; 228381900 ; 1 ; 0 ; 3 ; 0.0 ; 12.199999809265137 ; -4.566433333333333 ; 48.33805 ; 235.0 ; 235 ; 59 ; -1 ; -1 ; -1 ; -1 ; 0;1
2910.5410000000047 ; 228381900 ; 1 ; 0 ; 2 ; 0.0 ; 12.199999809265137 ; -4.5671333333333335 ; 48.33773333333333 ; 234.0 ; 236 ; 8 ; 422 ; -1 ; -1 ; -1 ; 0;2
2922.0880000000034 ; 228381900 ; 1 ; 0 ; 6 ; 0.0 ; 12.199999809265137 ; -4.567966666666667 ; 48.33736666666667 ; 235.0 ; 235 ; 20 ; 855 ; -1 ; -1 ; -1 ; 0;1
2930.941000000006 ; 228381900 ; 1 ; 0 ; 3 ; 0.0 ; 12.199999809265137 ; -4.568383333333333 ; 48.33716666666667 ; 235.0 ; 234 ; 27 ; -1 ; -1 ; -1 ; -1 ; 0;2
2941.741000000002 ; 228381900 ; 1 ; 0 ; 4 ; 0.0 ; 12.100000381469727 ; -4.569216666666667 ; 48.33678333333334 ; 235.0 ; 231 ; 38 ; 1592 ; -1 ; -1 ; -1 ; 0;1
2952.1140000000014 ; 228381900 ; 1 ; 0 ; 0 ; 0.0 ; 12.100000381469727 ; -4.569933333333333 ; 48.3364 ; 233.0 ; 231 ; 49 ; -1 ; 2206 ; -1 ; -1 ; 0;2
2960.622000000003 ; 228381900 ; 1 ; 0 ; 2 ; 0.0 ; 12.100000381469727 ; -4.5704 ; 48.33615 ; 232.0 ; 231 ; 56 ; 50 ; -1 ; -1 ; -1 ; 0;1
2970.5420000000013 ; 228381900 ; 1 ; 0 ; 1 ; 0.0 ; 12.100000381469727 ; -4.571066666666667 ; 48.3358 ; 232.0 ; 231 ; 7 ; -1 ; -1 ; -1 ; -1 ; 0;2
2982.0880000000034 ; 228381900 ; 1 ; 0 ; 5 ; 0.0 ; 12.199999809265137 ; -4.571866666666667 ; 48.3354 ; 232.0 ; 231 ; 18 ; -1 ; -1 ; -1 ; -1 ; 0;1
2990.941000000006 ; 228381900 ; 1 ; 0 ; 2 ; 0.0 ; 12.0 ; -4.572516666666667 ; 48.33505 ; 232.0 ; 230 ; 29 ; 1187 ; -1 ; -1 ; -1 ; 0;2
3001.741000000002 ; 228381900 ; 1 ; 0 ; 3 ; 0.0 ; 12.100000381469727 ; -4.573183333333334 ; 48.3347 ; 232.0 ; 231 ; 39 ; -1 ; -1 ; -1 ; -1 ; 0;1
3020.622000000003 ; 228381900 ; 1 ; 0 ; 1 ; 0.0 ; 12.100000381469727 ; -4.574516666666667 ; 48.33401666666666 ; 232.0 ; 230 ; 58 ; -1 ; -1 ; -1 ; -1 ; 0;1
3030.5420000000013 ; 228381900 ; 1 ; 0 ; 0 ; 0.0 ; 12.0 ; -4.575116666666666 ; 48.33371666666667 ; 232.0 ; 227 ; 7 ; -1 ; 2239 ; -1 ; -1 ; 0;2
3042.089 ; 228381900 ; 1 ; 0 ; 4 ; 0.0 ; 12.0 ; -4.5757666666666665 ; 48.3333 ; 230.0 ; 227 ; 19 ; 855 ; -1 ; -1 ; -1 ; 0;1
